input,label
ê·¸ë ‡ë‹¤ê³  ë°±í™”ì ì—ì„œ ë˜‘ê°™ì€ ê±¸ 5ë§Œì› ë” ì£¼ê³  ì‚¬ê¸°ë„ ì‹«ê³ .,"[0, 0, 0, 1, 0]"
"ìŠ¤íŽ™ìƒìœ¼ë¡œëŠ” 116gì¸ë° ì§‘ì—ì„œ ì €ìš¸ë¡œ ìž¬ì–´ë³´ë‹ˆ 118g, ì‹¤ì œë¡œ ë“¤ì–´ë³´ë‹ˆ ëŒë©ì´ ê°™ë‹¤.","[1, 0, 0, 0, 0]"
ì—­ì‹œ ë‚´ê²ŒëŠ” 98gì´ìƒì€ ë¬´ê±°ìš´ ê±°ì˜€ì–´.,"[1, 0, 0, 0, 0]"
ë””ìžì¸ì€ í°ìƒ‰ì€ ì°¸.. ë³„ë¡œì˜€ëŠ”ë° ë¸”ëž™ìœ¼ë¡œ í•˜ë‹ˆ ê·¸ë‚˜ë§ˆ ì•„ì´ë´í‹°í‹°ë¼ê³  í• ë§Œí•œ ê²Œ í•˜ë‚˜ë„ ì—†ì–´ì„œ ì¢€ ë‚«ë‹¤.,"[0, 1, 0, 0, 0]"
ì € ë‹¤ì´ì•„ëª¬ë“œ ë²„íŠ¼ê³¼ ë‘¥ê¸€ê²Œ ì²˜ë¦¬í•œ ê²Œ ë§ˆìŒì— ì•ˆ ë“ ë‹¤.,"[0, 1, 0, 0, 0]"
"ê°ì§„ ì¸ìƒ, í°ë„ ì‚¬ê°ì´ ì¢‹ê³  ë’·ë°±ë„ íŽ„ ê°™ì€ ê±° ì¢€ ë³„ë¡¤ì„¸;;","[0, 1, 0, 0, 0]"
ì›Œë‚™ í•˜ë“œë³´ì¼ë“œí•œ ì„±ê²©ì´ë¼ êµ°ë”ë”ê¸°ë¡œ ë„£ì€ ë””ìžì¸ì´ ë§ˆìŒì— ë‹¤ ì•ˆ ë“¤ì–´.,"[0, 1, 0, 0, 0]"
ã…œ ã…œ í…Œì´í¬í°ì²˜ëŸ¼ ë§Œë“¤ì–´ì£¼ë˜ê°€ ë©‹ì„ ë‚´ë ¤ë©´ ì•„í¬..,"[0, 1, 0, 0, 0]"
ì°©í•œì§€ ì•ˆ ì°©í•œì§€ëŠ” ìƒëŒ€ì ì´ë¼ ìž˜ ëª¨ë¥´ê² ìœ¼ë‚˜ ì‚´ì¸ì ì¸ ë¬¼ê°€ë¥¼ ê³ ë ¤í•  ë•Œ ì´ ì •ë„ë©´ ì ì •ì„  ê°™ìŒ.,"[0, 0, 0, 1, 0]"
ë°°ìƒ‰ë„ í•‘í¬ëž‘ ê·¸ë ˆì´ë¼ ë¬´ë‚œí•˜ë©´ì„œë„ ì¹™ì¹™í•˜ì§€ ì•Šë‹¤.,"[0, 1, 0, 0, 0]"
ì‚¬ì‹¤ ë‚œ íˆ¬ëª… ì»µì´ ë” ì¢‹ì€ë° ë‹¤ë“¤ ìƒ‰ê¹”ì´ ì—°í•˜ê²Œ ë“¤ì–´ê°€ìžˆë‹¤.,"[0, 1, 0, 0, 0]"
ì‚¬ì´ì¦ˆê°€ í‰ì†Œ ë§ˆì‹œëŠ” ê²ƒë³´ë‹¤ ì•½ê°„ ì»¤ì„œ ë„‰ë„‰í•˜ê²Œ ë‹´ì„ ìˆ˜ ìžˆëŠ” ê±´ ì¢‹ì€ë° ì„¤ê±°ì§€í•˜ê¸°ì—ëŠ” ë°‘ì´ ì¢€ ê¹Šì–´ì„œ ë¶ˆíŽ¸.,"[1, 0, 0, 0, 0]"
ê·¸ë ‡ë‹¤ê³  ê°€ê²©ì´ ê·¸ë ‡ê²Œ ë¹„ì‹¸ëƒí•˜ë©´ ì ˆëŒ€ ê·¸ë ‡ì§€ ì•Šë‹¤.,"[0, 0, 0, 1, 0]"
ì €ê²ƒë§Œ ì œê±°í•˜ë©´ ë˜ì„œ ì •ë§ íŽ¸í•˜ë‹¤.,"[1, 0, 0, 0, 0]"
ë„ˆë¬´ ì´ë»ì„œ(ì–¼êµ´ì€ ë³´ì§€ë„ ì•Šì•˜ìŒ. ì´ê²Œ ë³‘;)ì‹ ë°œë§Œ ë³´ë©´ì„œ í•œì°¸ì„ ë”°ë¼ê°„ ë“¯.,"[0, 1, 0, 0, 0]"
ê·¸ëž˜ì„œ ë§¤ìž¥ì— ê°€ë´¤ë”ë‹ˆ ì•„ë‹ˆë‚˜ ë‹¤ë¥¼ê¹Œ ìƒ‰ê°í•˜ë©° ë””ìžì¸í•˜ë©° ì´ê±´ ë¬´ìŠ¨ êµ¬ì„ê¸° ì‹œëŒ€ ìš´ë™í™”ëƒ ì‹¶ì€ê²Œ ì‹ ì–´ë³´ë‹ˆ ë°œì€ í•­ê³µëª¨í•¨ë§Œí•´ ë³´ì—¬ì„œ ëƒ…ë‹¤ ë²„ë¦¬ê³  ë’¤ë„ ì•ˆ ëŒì•„ë³´ê³  ì™”ë‹¨ ì–˜ê¸°.,"[0, 1, 0, 0, 0]"
íŠ¹ížˆ ë§ˆìŒì— ì•ˆ ë“œëŠ” ê±´ ë’·ì¶•ìœ¼ë¡œ í´ëž˜ì‹ ì‹œë¦¬ì¦ˆëŠ” ëœ í•˜ì§€ë§Œ ë‰´ë°œì˜ ëŒ€ê°œ ëª¨ë¸ë“¤ì€ ë’·ì¶•ì´ ì´ìƒí•˜ê²Œ íˆ­ íŠ€ì–´ë‚˜ì™€ì„œ ì¢€ ë‹³ì„ ë•Œê¹Œì§€ëŠ” ëˆˆì— ë„ˆë¬´ ê±°ìŠ¬ë¦´ ê±° ê°™ë‹¤.,"[0, 1, 0, 0, 0]"
ê·¼ë° ë‚œ ë¹¨ê°•ì„ ì•ˆ ì¢‹ì•„í•œë‹¤.,"[0, 1, 0, 0, 0]"
ë´‰ì œì„ ì´ ì•žì½” ìª½ì— ë”± í•œêµ°ë° ìžˆê³  ë§¥ìŠ¤ë‚˜ í…Œë‹ˆìŠ¤ í´ëž˜ì‹ ë“±ë³´ë‹¤ í›¨ì”¬ íŽ¸í•˜ë‹¤.,"[1, 1, 0, 0, 0]"
ê°€ê²©ì€ ìš´ë™í™”ì¹˜ê³ ëŠ” ê½¤ ì„¸ë‹¤.,"[0, 0, 0, 1, 0]"
ë§¤ìž¥ì—ì„œ ê½¤ ê´œì°®ì€ ë†ˆì„ ì„¸ì¼í•´ì„œ 99000ì›ì— íŒŒëŠ” ê±¸ë³´ê³  í™€ë”± ë°˜í–ˆëŠ”ë° í•œ ë²ˆì— ë‘ ì¼¤ë ˆë¥¼ ì‚´ ìˆ˜ëŠ” ì—†ì—ˆê³  ì‹ ì–´ë³´ë‹ˆ ë¬´ê²Œê°ì´ ë£¨ë‚˜ë¥¼ ë”°ë¼ê°ˆ ìˆ˜ ì—†ì–´ì„œ ì¼ë‹¨ í¬ê¸°í–ˆë‹¤.,"[0, 0, 0, 1, 0]"
"ì²˜ìŒì— ë§ˆìŒì— ë“  ê±´ ì•„ëž˜ ë…¹ìƒ‰ì´ì—ˆëŠ”ë°, ì´í›„ ê³¨ë“œê°€ ì¶œì‹œëœ ê²ƒì„ ì•Œê³  ë§ˆìŒì´ ë°”ë€Œì—ˆë‹¤.","[0, 1, 0, 0, 0]"
ë‚˜ëŠ” ì‚¬ì‹¤ í•‘í¬ ë³„ë¡œ ì•ˆ ì¢‹ì•„í•˜ëŠ”ë° ë‹¤ë¥¸ ìƒ‰ìƒì´ ë‹¤ ì´ì˜ì§€ ì•Šê²Œ ë‚˜ì™”ë‹¤.,"[0, 1, 0, 0, 0]"
ì´ëŸ° ë§í•´ì„œ ë¯¸ì•ˆí•˜ì§€ë§Œ ë””ìžì¸ ì´Œë°œ ë‚ ë¦¬ëŠ” ê±´ ì‚¼ì„± ë”°ë¼ê°ˆ ê²Œ ì—†ëŠ” ê±° ê°™ë‹¤.,"[0, 1, 0, 0, 0]"
ë””ìžì¸ì— ëˆ ì¢€ ë“¤ì´ë˜ê°€ ì•ˆëª©ì„ ë†’ì—¬ì¤˜.,"[0, 1, 0, 0, 0]"
ì§€ê¸ˆ ì´ê²Œ ì–´ë¥¸ì´ ë“¤ê³  ë‹¤ë‹ˆë¼ê³  ë§Œë“  ê±° ë§žì•„?,"[0, 1, 0, 0, 0]"
-_-; ìƒ‰ ì¡°í•©ì´ ì €ê²Œ ë­ëƒ?,"[0, 1, 0, 0, 0]"
"í°ìƒ‰ì— ë¹¨ê°• ë , ê²€ì •ì— í°ìƒ‰ ë ..","[0, 1, 0, 0, 0]"
ì•„ì´êµ¬ì•¼.. ê²€ì •ì— êµ³ì´ ë ë¥¼ ë‘˜ëŸ¬ì•¼ê² ë‹¤ë©´ íšŒìƒ‰ì´ ë” ë‚«ì§€ ì•Šë‚˜.,"[0, 1, 0, 0, 0]"
í°ìƒ‰ì´ë©´ ê·¸ëƒ¥ í°ìƒ‰ìœ¼ë¡œ ë°€ê³  ë‚˜ê°€ë©´ ë˜ì§€ ë¬´ìŠ¨ ì´ŒìŠ¤ëŸ° ë¹¨ê°•ì´ì•¼.,"[0, 1, 0, 0, 0]"
ì±„ë„ë‚˜ ì´ëŸ° ê²ƒë„ ì‹¤ì œëŠ” ì–´ë–¨ì§€ ëª°ë¼ë„ ì‚¬ì§„ìœ¼ë¡œëŠ” ì‹¤ë§ìŠ¤ëŸ½ë‹¤.,"[0, 1, 0, 0, 0]"
ìƒ‰ì„ ì €ë ‡ê²Œ ë°–ì— ëª» ë½‘ëŠ”ì§€ ë¬»ê³  ì‹¶ë‹¤.,"[0, 1, 0, 0, 0]"
ë§‰ìƒ ë„ì°©í•œ ì—ì½”ë°±ì€ ìž‘ì€ ê±° ì¢‹ì•„í•˜ëŠ” ë‚˜ì—ê²Œë„ ëª‡ ì„¼í‹° ì¯¤ì¸ê°€ ë„ˆë¬´ ìž‘ê²Œ ëŠê»´ì¡Œìœ¼ë‚˜ ë””ìžì¸ì´ ì¤‘ìš”í•œ ê°€ë°©ì´ë¼ ê·¸ëŸ­ì €ëŸ­ ë§Œì¡±í•œë‹¤.,"[0, 1, 0, 0, 0]"
í•˜ì§€ë§Œ ë°‘ì°½ì˜ ì˜†ë©´ì—ë„ ìŒê°ìœ¼ë¡œ ì•„ë””ë‹¤ìŠ¤ ë¡œê³ ê°€ ë“¤ì–´ê°€ ìžˆê³  ë¸Œëžœë“œê°€ ì–¸ëœ» ë´ì„  ë­”ì§€ ëª¨ë¥´ê²Œ ì²˜ë¦¬í•œ ê²Œ ë§ˆìŒì— ë“ ë‹¤.,"[0, 1, 0, 0, 0]"
ê·¸ëž˜ë„ ì–‡ì•„ì„œ ë¥ì§€ ì•Šê³  ìƒ‰ê¹”ì´ ì²­ëŸ‰ê°ì´ ìžˆì–´ì„œ ìŠ¤ì›¨ì´ë“œìž„ì—ë„ ì—¬ë¦„ ìš´ë™í™” ê°™ë‹¤.,"[0, 1, 0, 0, 0]"
ì œë²• ê¹”ë”í•œ ë””ìžì¸ì´ë‹¤.,"[0, 1, 0, 0, 0]"
ê¹”ë”í•œ ë””ìžì¸ì´ë‹¤.,"[0, 1, 0, 0, 0]"
LEXMA ë¸”ë£¨íˆ¬ìŠ¤ ë§ˆìš°ìŠ¤ ìª½ì´ í¬ê¸°ë„ ìž‘ê³  ë””ìžì¸ë„ ì¢‹ë‹¤.,"[0, 1, 0, 0, 0]"
LEXMAì˜ ë””ìžì¸ì´ ì›”ë“±ížˆ ë‚«ë‹¤.,"[0, 1, 0, 0, 0]"
ì „ì²´ì ìœ¼ë¡œ ë§ˆìš°ìŠ¤ì˜ í¬ê¸°ê°€ ìž‘ê¸° ë•Œë¬¸ì— ì˜¨ì˜¤í”„ ìŠ¤ìœ„ì¹˜ì™€ ì»¤ë„¥íŠ¸ ë²„íŠ¼ì´ ìž‘ë‹¤.,"[1, 0, 0, 0, 0]"
ì´ì ì´ ì†ì´ í° ì‚¬ëžŒì—ê²ŒëŠ” ë¶ˆíŽ¸í•  ìˆ˜ë„ ìžˆë‹¤.,"[1, 0, 0, 0, 0]"
ë‹¤ë§Œ ë„·ë¶ ì´ìš©ì‹œì—ëŠ” ì—­ì‹œ ë§ˆìš°ìŠ¤ëŠ” ìž‘ì•„ì•¼ íŽ¸í•˜ë‹ˆ ì´ëŸ° ì ì„ ê°ì•ˆí•œë‹¤ë©´ ë¶ˆê°€í”¼í•œ í¬ê¸°.,"[1, 0, 0, 0, 0]"
LEXMA ë¸”ë£¨íˆ¬ìŠ¤ ë§ˆìš°ìŠ¤ëŠ” í¬ê¸°ê°€ ìž‘ì•„ ì–´ë”˜ê°€ ê°ˆ ë•Œ UMPCì™€ í•¨ê»˜ ë“¤ê³  ë‹¤ë‹ˆê¸°ì—ë„ íŽ¸ë¦¬í•  ë“¯ ì‹¶ë‹¤.,"[1, 0, 0, 0, 0]"
ë§ˆìš°ìŠ¤ ì—†ì´ PS3 ì¡°ì´íŒ¨ë“œë¡œ ì¸í„°ë„·ì„ í•˜ëŠ” ê²ƒì€ íž˜ë“¤ì§€ë§Œ ë¸”ë£¨íˆ¬ìŠ¤ ë§ˆìš°ìŠ¤ë§Œ ìžˆìœ¼ë©´ ê°„íŽ¸í•˜ê²Œ PS3ì—ì„œ ì¸í„°ë„·ì„ ì¦ê¸¸ ìˆ˜ ìžˆë‹¤.,"[1, 0, 0, 0, 0]"
"ìž¥ì  : ë””ìžì¸ì´ ê¹”ë”í•˜ë‹¤, ìž‘ì•„ì„œ íœ´ëŒ€ì„±ì´ ìš©ì´, ë†’ë‚®ì´ ì¡°ì ˆ ê°€ëŠ¥, ë‹¤ì–‘í•œ ë¸”ë£¨íˆ¬ìŠ¤ ì§€ì› ê¸°ê¸°ì—ì„œ ì‚¬ìš© ê°€ëŠ¥.","[1, 1, 0, 0, 0]"
"ë‹¨ì  : ì»´íŽ™íŠ¸í•˜ì—¬ ì† í° ì‚¬ëžŒì—ê²ŒëŠ” ë¶ˆíŽ¸, ë§ˆìš°ìŠ¤ í•˜ë‹¨ì˜ ë²„íŠ¼ë“¤ì´ ìž‘ì•„ ì† í° ì‚¬ëžŒë“¤ì—ê²ŒëŠ” ë¶ˆíŽ¸í•  ë“¯.","[1, 0, 0, 0, 0]"
ë””ìžì¸ê³¼ ì¡°ìž‘ê°ì—ì„œ ì°¨ì´ê°€ ë‚  ë¿ì¸ë° LEXMA ë¸”ë£¨íˆ¬ìŠ¤ ë§ˆìš°ìŠ¤ëŠ” ë””ìžì¸ê³¼ ì¡°ìž‘ê° ë‘˜ ë‹¤ í•©ê²©ì .,"[0, 1, 0, 0, 0]"
ë‹¤ë§Œ ë‚´ê°€ ì†ì´ ìž‘ì€ íŽ¸ì´ë¼ ì†ì´ í° ì‚¬ëžŒì€ ë¶ˆíŽ¸í•  ìˆ˜ë„ ìžˆìœ¼ë‹ˆ ê·¸ ì ì„ ê°ì•ˆí•˜ëŠ” ê²ƒì´ ì¢‹ë‹¤.,"[1, 0, 0, 0, 0]"
ë„·ë¶ ê°™ì€ íœ´ëŒ€ê¸°ê¸°ì— í° ë§ˆìš°ìŠ¤ë³´ë‹¨ ì´ëŸ° ì ë‹¹ížˆ ìž‘ì€ ë§ˆìš°ìŠ¤ë¥¼ ê°–ê³  ë‹¤ë‹ˆëŠ” ê²ƒì´ íŽ¸ë¦¬í•˜ê² ì§€ë§Œ ë§ì´ë‹¤.,"[1, 0, 0, 0, 0]"
ê·€ì—¼ê·€ì—¼ ì„¸ì¼ëŸ¬ëŠë‚Œì´ì—ìš”,"[0, 1, 0, 0, 0]"
ì „ë°˜ì ìœ¼ë¡œ ì œì´ìŠ¤íƒ€ì¼ ì˜·ë“¤ì€ í•ì´ì°¸ ì´ìœë“¯í•´ìš”,"[0, 1, 0, 0, 0]"
ì œì´ìŠ¤íƒ€ì¼ ì˜·ë“¤ì€ ì „ë°˜ì ìœ¼ë¡œ í•ì´ì°¸ ì˜ˆì˜ê²Œ ë–¨ì–´ì§€ëŠ”ë“¯í•´ìš” ^^,"[0, 1, 0, 0, 0]"
ë„˜ë‚˜ê·€ìš”ì›Œ â™¥,"[0, 1, 0, 0, 0]"
#&name&ì´ìœ ì‹ ë“¤ì–´ê°€ë©´ì„œ ë§Œë“¤ì–´ì¤˜ì•¼ê² ë‹¤.. ìƒê°í–ˆëŠ”ë° ì—­ì‹œë‚˜ ë„˜ë‚˜ ê°„íŽ¸í•œ #ë² ì´ë¹„ì¿¡ì†”ë¡œ ..,"[1, 0, 0, 0, 0]"
ìš”ì¦˜ì€ #ìœ¡ì•„ìž¥ë¹„ë¹¨ ì‹œëŒ€ì¸ë§Œí¼ ã…Žã…Ž.. ì‰½ê³  ì˜ì–‘ê°€ëŠ” ì§€ì¼œì£¼ë©´ ë˜ë‹ˆê¹ êµ³ëœŒ..,"[1, 0, 0, 0, 0]"
ìƒ‰ìƒì´ ë³´ë‹ˆ ì–´ëŠì •ë„ íˆ¬ëª…í•´ì„œ í‹°ë„.. ë§Žì´ ì•ˆë‚˜ê³  >_< ì „ìš©ê°€ìœ„ê¹Œì§€ ì„¼ìŠ¤ ì©”..,"[0, 1, 0, 0, 0]"
ë„˜ ì˜ˆë¿Œë‹¤..,"[0, 1, 0, 0, 0]"
ê°€ì„±ë¹„ ì¢‹ì•„ì„œ ì“°ê³  ìžˆëŠ”ë°.. ìžì£¼ ê°ˆì•„ì¤˜ë„ ë¶€ë‹´ì—†ê³  ^^.. ì•„ì´ë„ í™œë™í•˜ëŠ”ë° ë¬´ë¦¬ì—†ê³ ..,"[0, 0, 0, 1, 0]"
ê±°í’ˆí˜•ì´ë¼ íŽ¸í•˜ê¸° ê¹Œì§€ í•¨ ã…‹ã…‹...,"[1, 0, 0, 0, 0]"
ì´ë¿Œë‹¤,"[0, 1, 0, 0, 0]"
ê·¸ë‚˜ì €ë‚˜ ì˜ˆì˜ê¸°ë„ í•˜ë„¤..,"[0, 1, 0, 0, 0]"
ì´ë²ˆì— #ì†Œë¥´ë² ë² ì‹œê·¸ë‹ˆì²˜ ì´ë¿Œë”ë¼..,"[0, 1, 0, 0, 0]"
#ì†Œë¥´ë² ë²  íŽ¸ì•ˆí•´ì„œ ìš”ì¦˜ ì¸ê¸° ë§Žë˜ë°.. í”„ë¦¬ë¯¸ì—„ì‹œê·¸ë‹ˆì²˜ëŠ” ë””ìžì¸ë„ ì˜ˆì¨í•˜ë„¤..,"[0, 1, 1, 0, 0]"
ì•„ê¸°ë  í•œë‹¤ê³  ì§€ëª»ë¯¸ ìŠ¤íƒ€ì¼ ë˜ì§€ ì•Šê²Œ.. ë©‹ìŠ¤ëŸ½ê²Œ ì°©ìš©í•  ìˆ˜ ìžˆëŠ” #ì•„ê¸°ë ,"[0, 1, 0, 0, 0]"
ì œíŠ¸ë¸”ë£¨ ì»¬ëŸ¬ê°€ ìš°ë¦¬í•œí…Œ ì–´ìš¸ë¦´ ê²ƒ ê°™ì•˜ëŠ”ë°.. ì¹œêµ¬ê°€ ì½”ì½”ì•„ ë¸Œë¼ìš´ ì°©ìš©í•œê±°ë³´ë‹ˆ ê´œì°®ë”ë¼êµ¬ìš”.,"[0, 1, 0, 0, 0]"
íŽ¸ì•ˆí•˜ê¸°ë§Œ í•œê²Œ ì•„ë‹ˆë‹ˆ ë” ì¢‹êµ¬ë§Œ ..,"[1, 0, 0, 0, 0]"
#êµ­ë¯¼ë°©ìˆ˜ìš” ì´ë¦„ì„ ê°€ì§€ê³  ìžˆëŠ”.. #ë®¤ë¼ `-`,"[0, 0, 1, 0, 0]"
ë±ƒì‚´ë„.. ì œë²• ë˜ëŠ”ë° ìžêµ­ì—†ì´ íŽ¸ì•ˆí•˜ê²Œ ìž˜ ìž…ë„¤ìš”.,"[1, 0, 0, 0, 0]"
ì´ì   #ì‹ ìƒì•„ì•„ê¸°ë  ë²—ì–´ë‚˜ë‚˜ ì‹¶ì§€ë§Œ.. ìš”ì¦˜ì€ #ì˜¬ì¸ì›ì•„ê¸°ë  ë¡œ #ì•„ê¸°ë  ë¶€í„°.. #íž™ì‹œíŠ¸ ê¹Œì§€ë„ ëª¨ë‘ í•œë²ˆì— í•´ê²°ì´ ë˜ì£ ..,"[1, 0, 0, 0, 0]"
ê°€ì„±ë¹„ ì¢‹ê³  ì‹¤ìš©ì„± ì¢‹ì€ #í† ë“œë¹„ ì°©ìš©í•˜ëŠ”ë°.. ìŠ¤íƒ€ì¼ë„ ìƒ‰ìƒë„ ì˜ˆì˜ê³  ìž¬ì§ˆë„ ë¶€ë“œëŸ¬ì›Œì„œ.. ë§Œì¡±ë§Œì¡±..,"[0, 1, 0, 1, 0]"
íŽ¸ì•ˆí•˜ë‹ˆê¹ ì´ë²ˆ ì—¬ë¦„ ìž˜ ì¨ë³´ìž..,"[1, 0, 0, 0, 0]"
ì»´íŒ©íŠ¸í•œ ì‚¬ì´ì¦ˆì— ì˜ˆìœ ìŠ¤íƒ€ì¼ë§..,"[1, 1, 0, 0, 0]"
ì•™ì¦ë§žì€ ì‚¬ì´ì¦ˆì§€ë§Œ ì´ê±° ì™„ì „ ë ˆì•Œ ìž˜ì°ížŒë‹¤..,"[1, 0, 0, 0, 0]"
ì˜ˆì˜ê¸°ë§Œ í•œê²Œ ì•„ë‹ˆë¼ ê¸°ëŠ¥ë„ í¼íŽ™ ã…‹ã…‹..,"[0, 1, 0, 0, 0]"
ì§„ì§œ í•«í•˜ì§€ ì•Šë‚˜ì‹¶ë„¤ì—¬ ã…‹ã…‹..,"[0, 0, 1, 0, 0]"
ê·¸ë¦¬ê³  ìž‘ì€ì‚¬ì´ì¦ˆì˜ #ìŠ¤í‹±ë¹„ëˆ„ íœ´ëŒ€í•˜ë©° ì‚¬ìš©ì¤‘ì¸ë° ê°€ì§€ê³  ë‹¤ë‹ˆë©° ì‚¬ìš©í•˜ë‹ˆ ì•„ì´ë“¤ ì†ì”»ê¸¸ë•Œë„ ì¢‹ê³  ì†ì”»ê³  ë•¡ê¸°ì§€ ì•Šì•„ì„œ ì¢‹ë„¤ìš”~,"[1, 0, 0, 0, 0]"
ê°€ê²©ë„ ì €ë ´í•˜ë‹ˆ êµ¿!,"[0, 0, 0, 1, 0]"
ì˜ˆë»ì„œ ì„ ë¬¼í•˜ê¸°ì—ë„ ì¢‹ë‹¤!,"[0, 1, 0, 0, 0]"
3ê°€ì§€ ì–´í”Œë¦¬ì¼€ì´í„°ë¡œ ì²´ê³„ì ìœ¼ë¡œ ì§‘ì—ì„œë„ ê´€ë¦¬ ê°€ëŠ¥í•œë°ìš”~,"[0, 0, 0, 0, 1]"
ì•°í”Œì´ ë¹„ì‹¸ë‹¤ëŠ” íŽ¸ê²¬ì€ ì´ì œì•ˆë…•~~,"[0, 0, 0, 1, 0]"
ë¶€ë‹´ì—†ëŠ” ê°€ê²©ì´ë¼ ì´ì œëŠ” ê³ ê¸°ëŠ¥ ì•°í”Œì„ ë§¤ì¼ë§¤ì¼ ë°”ë¥¼ìˆ˜ ìžˆë„¤ìš”!,"[0, 0, 0, 1, 0]"
"ë§ˆìŠ¤í‚¹ ë ˆì´ì–´ë§ ì•°í”Œì€ ë©”ë””ížì—ì„œ ìƒˆë¡œ ì¶œì‹œí•œ ì•°í”Œë¡œ..ì•°í”Œìº¡ë„ íŽ¸ë¦¬í•´ì„œ íœ´ëŒ€,ë³´ê´€ë„ ìš©ì´í•˜ë„¤ìš”!","[1, 0, 0, 0, 0]"
ê²Ÿìž‡ë·°í‹° ë·°ë¼ë²¨í† ë„ˆ 1ìœ„!,"[0, 0, 1, 0, 0]"
íŒ¨í‚¤ì§€ëŠ” ì™„ì „ #ì·¨í–¥ì €ê²©!,"[0, 1, 0, 0, 0]"
ë””ìžì¸ì´ #ì˜ˆìœì¹˜ì•½ ì´ë¼ ì„ ë¬¼ë¡œë„ ì œê²©!!,"[0, 1, 0, 0, 0]"
êº…!! ì´ê±° ì™„ì „ ê·€ì—½ìžë‚˜~~~,"[0, 1, 0, 0, 0]"
ê³ ë¯¼ì— ë”°ë¼ í•˜ë£¨ 1íŒ© ê³¨ë¼ì‚¬ìš©í•˜ê¸° ì¢‹ì•„ìš”~,"[0, 0, 0, 0, 1]"
íŒ¨í‚¤ì§€ë¶€í„° ëˆˆê¸¸ì„ í™• ìž¡ëŠ” ê·€ì—¼ë¯¸ ë¿œë¿œ!! í•œ #ìŠˆë ‰íŒ© #í”¼ì˜¤ë‚˜íŒ© #ì¿µí‘¸íŒ¬ë”íŒ©!,"[0, 1, 0, 0, 0]"
"ê·¸ë‚ ê·¸ë‚  í”¼ë¶€ ì»¨ë””ì…˜ì— ë”°ë¼ ê³¨ë¼í•˜ëŠ” ìž¬ë¯¸ë„ ìžˆëŠ” #ë“œë¦¼ì›ìŠ¤íŽ˜ì´ì…œë§ˆìŠ¤í¬íŒ© ìœ¼ë¡œ ìš°ë¦¬ ê°™ì´ í”¼ì§€, ë¸”ëž™í—¤ë“œë¥¼ ëª¨ë‘ ë‚ ë ¤ë³´ì•„ìš”~!","[0, 0, 0, 0, 1]"
ì—¬í–‰íŒŒìš°ì¹˜ ì €ë„ ê²Ÿí–ˆëŠ”ë° íœ´ê°€ë•Œ ì¨ë³´ë‹ˆ ì™„ì „ ìœ ìš©í•˜ë”ë¼êµ¬ìš”~,"[1, 0, 0, 0, 0]"
ê·€ì—¬ìš´ê²ƒì€ ë¤~~^^,"[0, 1, 0, 0, 0]"
4ê°€ì§€ íŒ¨í‚¤ì§€ë¥¼ ë‚´ë§˜ëŒ€ë¡œ ê³¨ë¼ì“°ëŠ” ìž¬ë¯¸ê¹Œì§€!,"[0, 0, 0, 0, 1]"
ë„˜ ì˜ˆìœ # #ì˜¤ë“œì˜¤ëž„ ì¹˜ì•½ #ì·¨í–¥ì €ê²©!,"[0, 1, 0, 0, 0]"
ì£¼ë³€ì—ì„œ ì¶”ì²œí•´ì¤€ ì´ìœ ë¥¼ ì•Œê² ë‹¤,"[0, 0, 1, 0, 0]"
íŒ¨í‚¤ì§€ë„ ê³ ê¸‰ì§€ê³  ì˜ˆë»ì„œ #ì¶œì‚°ì„ ë¬¼ ë¡œë„ êµ¿êµ¿â—ðŸ¤˜,"[0, 1, 0, 0, 0]"
ì§‘ì—ì„œë„ ìº í•‘ê°ˆë•Œë„ ì–´ë””ì„œë‚˜ ê°„íŽ¸í•˜ê²Œ ì‚¬ìš©ê°€ëŠ¥í•œ ë¬´ì„  LED #ë¬´ë“œëž¨í”„ ðŸ’¡,"[1, 0, 0, 0, 0]"
ê·€ì—¬ìš´ ì—ê·¸ëª¨ì–‘ í”„ë¦¬ì¦˜ ì¶©ì „ì‹ ë¬´ë“œëž¨í”„!ðŸ³,"[0, 1, 0, 0, 0]"
ê²Œë‹¤ê°€ ëŒ€ìš©ëŸ‰ì´ë¼ ê°€ì„±ë¹„ ìµì˜¤!ðŸ‘,"[0, 0, 0, 1, 0]"
#&name&ì¹«ì†” ë¡œ í•«í•œ #ì¿¨ìƒ¤ì „ë™ì¹«ì†” ë¡œ ë°”ê¿¨ì–´ìš”â—,"[0, 0, 1, 0, 0]"
ë¬´ì„  ì¶©ì „ë°©ì‹ #ì „ë™ì¹«ì†” ë¡œ 1ë²ˆ ì¶©ì „í•˜ë©´ 10ì¼ì •ë„ ì‚¬ìš©í• ìˆ˜ ìžˆì–´ì„œ ì—¬í–‰ì´ë‚˜ ì¶œìž¥ê°ˆë•Œë„ íŽ¸ë¦¬í•´ìš”~ðŸ–’,"[1, 0, 0, 0, 0]"
íœ´ëŒ€ê°€ ê°„íŽ¸í•œ usbì—°ê²° ë°©ì‹ì´ë¼ ìº í•‘ìž¥ì—ì„œë„ ì‚¬ìš©í• ìˆ˜ìžˆì–´ êµ¿êµ¿~â™©,"[1, 0, 0, 0, 0]"
í¡ìˆ˜ë ¥ì´ ì¢‹ì•„ì„œ #ë°¤ê¸°ì €ê·€ ë¡œ ìœ ëª…í•œ íŒ¸í¼ìŠ¤â—,"[0, 0, 1, 0, 0]"
íƒ‘íˆ¬í† ì›Œì‹œ í•˜ë‚˜ë¡œ ìƒ´í‘¸ê¹Œì§€ ë˜ë‹ˆê¹ ìƒ¤ì›Œì‹œí‚¤ê¸°ë„ ê°„íŽ¸í•´~ðŸ˜„,"[1, 0, 0, 0, 0]"
ìƒê°í–ˆë˜ ê²ƒë³´ë‹¤ íŽ¸í•˜ê³  ì´ì˜ë„¤ ðŸ™ƒ,"[1, 1, 0, 0, 0]"
ë¶™ì´ëŠ” ê²ƒë„ ê°„íŽ¸í•˜ê³  ê¸¸ì´ì¡°ì ˆë„ ê°„íŽ¸í•˜ê³  ì†í†±ì´ ìž‘ì€ íŽ¸ì´ë¼ ê³ ë¯¼í–ˆì—ˆëŠ”ë° ì‚¬ì´ì¦ˆë„ ë‹¤ì–‘í•˜ê²Œ ìžˆì–´ì„œ ê³¨ë¼ì“°ë‹ˆ ë¬¸ì œì—†êµ° ðŸ¤©,"[1, 0, 0, 0, 1]"
&name&ê°€ ì‚¬ìš©í• ê±°ë¼ì„œ #ê°€ì„±ë¹„ ì¢‹ì€ ë†ˆìœ¼ë¡œ #ê²Ÿ,"[0, 0, 0, 1, 0]"
âœ”ë‚´êµ¬ì„±ì´ ìš°ìˆ˜í•œ ì•„ì—°í•©ê¸ˆ ìž¬ì§ˆì— ëª¨ë˜í•œ ë””ìžì¸,"[0, 1, 0, 0, 0]"
âœ”ì–´ë– í•œ ì„¤ì •ë„ ì—†ì´ ì „ì›ë§Œ ì—°ê²°í•˜ë©´ ë˜ëŠ” ì´ˆë³´ìžë„ ì‰¬ìš´ì„¤ì¹˜,"[1, 0, 0, 0, 0]"
âœ”ë„·ê¸°ì–´ì•± ë‹¤ìš´ì‹œ ìŠ¤ë§ˆíŠ¸í°ì—ì„œë„ í„°ì¹˜ë¡œ ê°„íŽ¸í•œ ì„¸íŒ… ê°€ëŠ¥,"[1, 0, 0, 0, 0]"
í¬í¬í¬.ë„˜ë‚˜ ì˜ˆìœ ê²ƒ!,"[0, 1, 0, 0, 0]"
ì´ëŸ° ì˜· (ê³µì£¼st) ì•ˆì¢‹ì•„í•˜ëŠ”ë° ë„ˆë¬´ ì´ì˜ë‹¤ ðŸ˜,"[0, 1, 0, 0, 0]"
"í•˜, í¬ìž¥ë„ ì´ë»ìš”.","[0, 1, 0, 0, 0]"
"í•˜ ì˜ë¡±í•´ ,, à·†","[0, 1, 0, 0, 0]"
ë””ìžì¸ë¶€í„° ë¹›ë‚˜ëŠ” ê´‘ì±„ ì¿ ì…˜,"[0, 1, 0, 0, 0]"
íŒ¨í‚¤ì§€ê°€ ì˜ˆë»ì„œ ì„ ë¬¼ìš©ìœ¼ë¡œë„ ì¢‹ì•„ìš”ðŸŽ,"[0, 1, 0, 0, 0]"
ìƒí¼ìƒí¼í•œ ì»¬ëŸ¬ì— í†µê¸°ì„±ì´ ì¢‹ì•„ì„œ ìš´ë™í•  ë•Œ ë„˜ë‚˜ íŽ¸í•œ #ì•„ë””ë‹¤ìŠ¤í…Œë ‰ìŠ¤ ðŸƒâ€â™€ï¸ðŸƒâ€â™€ï¸,"[1, 0, 0, 0, 0]"
ê°€ë³ê³  ë¬¼ì— ì –ì–´ë„ ë˜ëŠ” ìš´ë™í™”ë¼ ì—¬ë¦„ì²  ë¬¼ë†€ì´ ê°ˆ ë•Œë„ ìœ ìš©í•´ìš”!,"[1, 0, 0, 0, 0]"
ê°€ë³ê³  ë¶€í”¼ë„ ìž‘ì•„ì„œ ì—¬í–‰ê°ˆ ë•Œ í•„ìˆ˜ë¡œ ì±™ê²¨ê°€ê²Œ ë˜ë˜ë„¤ìš”~ðŸ‘ðŸ»,"[1, 0, 0, 0, 0]"
ì˜ˆìœê²Œ íŽ¸í•˜ê¸°ê¹Œì§€ í•˜ë‹ˆê¹Œ ì—„ë§ˆë„ íƒë‚´ìš”ã…‹ã…‹,"[1, 1, 0, 0, 0]"
ë‚˜ ì˜¤ëŠ˜ë¶€í„° ì§„ì§œ #ë‹¤ì´ì–´íŠ¸ í•˜ëŠ” ì—¬ìžë‹ˆê¹ #ê°„ì½”ì¹˜ë„ì‹œë½ #ìˆ˜ê°€í´ë Œì¦ˆë¯¸ ì¥¬ìŠ¤ ì±™ê¸°ê³  ë„˜ë‚˜ ê°€ë²¼ì›Œì„œ ìš”ì¦˜ ë§¨ë‚  ì±™ê²¨ ë‹¤ë‹ˆëŠ” #g9xmark2 ê¹Œì§€ðŸ’•,"[1, 0, 0, 0, 0]"
ë¬¼í‹°ìŠˆëŠ” #ëŒ€ë””ë² ì´ë¹„ ë§Œ ì‚¬ìš©í•˜ëŠ”ë° íœ´ëŒ€ìš© ì‚¬ì´ì¦ˆ ìš”ê±° ì™¸ì¶œí•  ë•Œ ì§„ì§œ íŽ¸í•´ìš”~ ã…‹ã…‹,"[1, 0, 0, 0, 0]"
ê°€ë°© ì†ì— ì™ ì±™ê¸°ê¸°ë„ ì¢‹ê³ !,"[1, 0, 0, 0, 0]"
ì˜¤ížˆë ¤ ì–‡ì€ ë¬¼í‹°ìŠˆëŠ” ë” ë§Žì´ ì“°ê²Œ ë˜ì„œ.. ê°€ì„±ë¹„ë„ ë” ì¢‹ì€ ê²ƒ ê°™ì€..ã…Žã…Ž,"[0, 0, 0, 1, 0]"
í™ˆì‡¼í•‘ì—ì„œë„ êµ‰ìž¥ížˆ ì¸ê¸°í…œì´ë¼ê³  í•˜ë˜ë°.. ì•„ì¹¨ ìž…ëƒ„ìƒˆê¹Œì§€ ê°œì„ ì‹œì¼œì£¼ë‹ˆê¹Œ ëª¨ë‹í‚¤ìŠ¤ë¥¼ ë¶€ë¥´ëŠ” ì¹˜ì•½ì´ë¼ê³ ë„í•˜ë„¤ì˜„ã…‹ã…‹ã…‹ã…‹ã…‹,"[0, 0, 1, 0, 0]"
ë²Œì¨ ë°±ë§ŒíŒë§¤ë¥¼ ëŒíŒŒí–ˆë‹¤ëŠ” ë£¨ë‚˜ ë¡±ëž˜ìŠ¤íŒ… íŒ ì»¨ì‹¤ëŸ¬~!ðŸ‘ðŸ»ðŸ‘ðŸ»,"[0, 0, 1, 0, 0]"
ë­ë“  ì˜ˆìœê²Œ ì¢‹ì•„ìš”..ã…Žã…Ž,"[0, 1, 0, 0, 0]"
ìžì™¸ì„ ì°¨ë‹¨ë„ ì˜ˆìœ ì„ ì¿ ì…˜ìœ¼ë¡œ !ðŸŒ¸,"[0, 1, 0, 0, 0]"
"ì¼€ì´ìŠ¤ë„ ë„˜ ì˜ˆì˜ê³ , ì‚¬ì´ì¦ˆë„ ì™„ì „ í¬ì£ ?ã…Žã…Ž","[1, 1, 0, 0, 0]"
í™”ìž¥ëŒ€ ìœ„ì— ì˜¬ë ¤ë‘ë‹ˆ ê³ ê¸‰ìŠ¤ëŸ¬ì›Œì„œ ë‚´ ë°©ì´ ê³ ê¸‰ ìŠ¤íŒŒìƒµì´ ëœ ê²ƒ ê°™ê¸°ë„ í•˜ê³  ã…Žã…Ž,"[0, 1, 0, 0, 0]"
ì²­ë‹´ë™ ì¸ê·¼ í”¼ë¶€ìƒµì´ëž‘ ì˜¤ë‹‰ìŠ¤ ì¨ë³´ì‹  ë¶„ë“¤ê»˜ ìž…ì†Œë¬¸ ë§Žì´ ë‚œ ì œí’ˆì´ë¼ê³  í•˜ë”ë¼êµ¬ìš”~ðŸ¤”ðŸ¤”,"[0, 0, 1, 0, 0]"
"í™˜ì ˆê¸°ì— ì—¬í–‰ì— ë‚´ í”¼ë¶€ ë°”ëžŒìž˜ë‚  ì—†ì—ˆëŠ”ë° ìžê¸° ì „, ë§ˆìŠ¤í¬íŒ© í•˜ëŠ” 15ë¶„ë§Œ íˆ¬ìží•˜ë©´ ë‹´ë‚  ë§¤ëˆë§¤ëˆ ìœ¤ê¸°ë‚˜ëŠ” í”¼ë¶€ë¡œ ê´€ë¦¬í•  ìˆ˜ ìžˆì–´ì„œ ì •ë§ íŽ¸í•´ìš¤ðŸ˜†ðŸ˜† .","[1, 0, 0, 0, 0]"
"ìž…ì†Œë¬¸ë‚œ #ì¸íë¸Œí¬ë¦¼ ,","[0, 0, 1, 0, 0]"
ì€ì€í•œ ì–´ë°˜ ì»¬ëŸ¬ í†¤ê³¼ íŒ¨ë¸Œë¦­ì´ ë‹ë³´ì´ëŠ” ìƒŒë“œë² ì´ì§€ í”„ë¦¬ë¯¸ì—„ ë‹¤ìš´ì€ ë”± íŠ¸ë Œë””í•œ ëŠë‚Œì´ ìžˆê¸°ë„ í•˜ê³ ìš” ã…Žã…Ž,"[0, 1, 0, 0, 0]"
í´ëž˜ì‹í•œ ëŠë‚Œì´ë¼ ê²¨ìš¸ ë‚´ ìž…ì–´ë„ ì§ˆë¦¬ì§€ ì•Šì„ ê²ƒ ê°™ì•„ìš”~ðŸ‘ðŸ»,"[0, 1, 0, 0, 0]"
ì—¬ê¸°ë°˜ì§ ì €ê¸°ë°˜ì§í•œ íŒ¨í‚¤ì§€ë„ í™€ë¡œê·¸ëž¨ê³¼ ë”± ìž˜ ì–´ìš¸ë¦¬ì£µ?,"[0, 1, 0, 0, 0]"
í”¼ë¶€ ë‹¨ë°±ì§ˆ êµ¬ì¡°ì™€ ê°€ìž¥ í¡ì‚¬í•œ ê³ ê°€ì˜ ìºë¹„ì•„ë¥¼ ì €ë ´í•œ ê°€ê²©ì— ë§ˆìŠ¤í¬íŒ©ìœ¼ë¡œ í”¼ë¶€ê´€ë¦¬ë¥¼ í•  ìˆ˜ ìžˆìœ¼ë‹ˆ #ëŒ€ë°•í…œ !!ðŸ’œ,"[0, 0, 0, 1, 0]"
ë„˜ë‚˜ ê·€ì—¬ì›Œì„œ ë°˜í•´ì®¸ðŸ˜ðŸ˜,"[0, 1, 0, 0, 0]"
ìš”ì¦˜ #ë¯¸ë‹ˆë°± ì— ê½ƒí˜€ ìžˆëŠ”ë° ë¶€ë‹´ì—†ì´ ê°€ë°© ì†ì— ì™~ ë“¤ì–´ê°€ë‹ˆ ì¢‹ë„¤ìš© ã…Žã…Ž,"[1, 0, 0, 0, 0]"
ìŠ¤í‹±í˜• í™”ìž¥í’ˆì´ë¼ ìˆ˜ì˜ìž¥ì— ì±™ê²¨ê°€ì„œ ìˆ˜ì‹œë¡œ ìŠ¥ìŠ¥~ ë°œë¼ì£¼ê¸°ë„ íŽ¸í•˜ê³  ë¬¼ì— ë“¤ì–´ê°”ë‹¤ ë‚˜ì™”ë‹¤ í•˜ë‹¤ë³´ë©´ í”¼ë¶€ ë‹¹ê¹€ë„ ì‹¬í•œë° ë³´ìŠµìŠ¤í‹±ë„ ì œ ì—­í• ì„ í†¡í†¡ížˆ í•´ì£¼ë”ë¼êµ¬ìš” ã…Žã…ŽðŸ‘ðŸ»ðŸ‘ðŸ»,"[1, 0, 0, 0, 0]"
ë™ê¸€ë™ê¸€ ë¶€í”¼ê°€ ìž‘ì•„ì„œ ì–´ë””ë“ ì§€ ì±™ê²¨ë‹¤ë‹ ìˆ˜ ìžˆì–´ì„œ êµ¿êµ¿~,"[1, 0, 0, 0, 0]"
#ì—ìŠ¤ë‹‰ ëŠë‚Œë„ ì¢‹ì¿  ì²´í˜•ì»¤ë²„ë„ ë˜ëŠ” ê²ƒ ê°™êµ¬,"[0, 1, 0, 0, 0]"
ê±°ìš¸ë³´ë‹ˆê¹Œ ë‚´ê°€ë´ë„ ì˜ˆìœë° ã…‹ã…‹ &name&ë„ ìžê¾¸ ì˜ˆì˜ë‹¤í•´ì£¼ë‹ˆê¹Œ ì¢‹ë‹¤ðŸ˜†ðŸ˜†,"[0, 1, 0, 0, 0]"
í•¡.. ì´ê³  ë„˜ë‚˜ ê·€ì—¼ë½€ì§!âœ¨,"[0, 1, 0, 0, 0]"
ì œë£° ì¢‹ì•„í•˜ëŠ” ë…¸ëž‘ë…¸ëž‘ ì»¬ëŸ¬ì— ë””ìžì¸ë„ ìª¼ê¼¬ë¯¸ë¼ ìš´ë™ ë‚˜ê°ˆ ë•Œ ì£¼ë¨¸ë‹ˆì—ë„ ì™~,"[0, 1, 0, 0, 0]"
"ìž‘ì€ ë‚´ ê·€ì—ë„ íŽ¸í•˜ê²Œ ìž˜ ë§žê³ .. ë¸”íˆ¬ ì—°ê²°ë„ ì‰½ê³ , ì¶©ì „ ë¹ ë¥¸ ê²ƒë„ ì§±ì§±!!","[1, 0, 0, 0, 0]"
#ë””ì˜¬ì„ ë¯¸ë ˆë“œ ë¼ëŠ” ì• ì¹­ì´ ë²Œì¨ ë¶™ì—ˆì„ë§Œí¼ í•«í•œ #758ë ˆë“œ ì»¬ëŸ¬ëŠ” &name&ì”¨ë„ ì‚¬ìš©í–ˆë„¤ìš¤!ðŸ’„,"[0, 0, 1, 0, 0]"
&name& #&name&ì¶”ì²œí…œ !,"[0, 0, 1, 0, 0]"
ì—­ì‹œ ë‹¤ë“¤ ì¢‹ë‹¤ì¢‹ë‹¤~ í•˜ëŠ” ì œí’ˆì€ ì´ìœ ê°€ ìžˆë‚˜ë´ìš”ðŸ’˜,"[0, 0, 1, 0, 0]"
ìš”ì¦˜ ì»¨ë””ì…˜ë„ ì•ˆ ì¢‹ê³  ê±´ì¡°í•´ì„œ ê·¸ëŸ°ì§€ ë¶€ì© ì¹™ì¹™í•˜ê³  í‘¸ì„í•œ í”¼ë¶€ ë•Œë¬¸ì— ê³ ë¯¼ì´ì—ˆëŠ”ë° ì†Œë¬¸ë‚œ ì œí’ˆ ì¨ë³´ê¸° ì „ì— ë‘‘í”ë‘‘í”~ã…Žã…Ž,"[0, 0, 1, 0, 0]"
ì¢‹ì•„í•˜ëŠ” ë·°í‹°ìœ íŠœë²„ &name&ê°€ ë§Œë“  ì¿ ì…˜ì œí’ˆì´ë¼ê³  í•´ì„œ ì–´ë–¨ì§€ ë„˜ë‚˜ ê¶ê¸ˆí–ˆëŠ”ë°ðŸ™„ ì§ì ‘ ì¨ë³´ë‹ˆ ëŒ€ë°• ì´‰ì´‰í•˜ê³  ì»¬ëŸ¬ê° ëŒ€ë°•,"[0, 0, 1, 0, 0]"
ì–‡ì€ ì´ˆìŠ¬ë¦¼ íŒ¨í‚¤ì§€ ë•ì— ë¯¸ë‹ˆë°±ì—ë„ ì™ì™~ ë“¤ì–´ê°€ê³  ìž…ìˆ ë¼ì¸ì€ ì•„ì°”í•˜ê²Œ í‘œí˜„í•˜ê³ >ã…†<,"[1, 0, 0, 0, 0]"
#SEP ë§¤ìž¥ì— ê°€ë³´ë©´ ì»¬ëŸ¬ë„ ë‹¤ì–‘í•˜ê³  íƒ€ìž…ë„ ë‹¤ì–‘í•´ì„œ ì·¨í–¥ ê» ê³ ë¥¼ ìˆ˜ ìžˆëŠ” ê²ƒë„ #SEPë¦½ìŠ¤í‹± ì˜ ìž¥ì ðŸ‘ðŸ»,"[0, 0, 0, 0, 1]"
ê¸°ì¡´ ëª¨ë¸ë§ë³´ë‹¤ í›¨ì”¬ ê°„íŽ¸í•˜ê²Œ ì œì¡°í•´ì„œ ì‚¬ìš©í•  ìˆ˜ ìžˆë‹¤ëŠ” ì ë„ ë„ˆë¬´ ì¢‹ì•„ìš” !!,"[1, 0, 0, 0, 0]"
ì„žì–´ì„œ ì‚¬ìš©í•˜ê¸°ë§Œ í•˜ë©´ ë˜ëŠ” ëª¨ë¸ë§íŒ©ì´ë¼ ë„ˆë¬´ ì¢‹ìŠµë‹ˆë‹¤,"[1, 0, 0, 0, 0]"
ê°€ê²©ì´ ì°©í•˜ê³  ì‚¬ìš©ë²•ì´ ê°„íŽ¸í•´ì„œ ë” ì¢‹ì•„ìš”,"[1, 0, 0, 1, 0]"
í”¼ë¶€ ìƒí™©ì— ë”°ë¼ ë‹¤ë¥´ê²Œ ì•°í”Œì„ ê³¨ë¼ ì‚¬ìš© í•  ìˆ˜ ìžˆëŠ” ì œí’ˆì¸ ì§€ë””ì¼ë ˆë¸ ì…€ íŒ©í† ë¦¬ ì£¼ì‚¬ê¸° ì•°í”Œ,"[0, 0, 0, 0, 1]"
ë¡œê²ì¡°í–¥ìˆ˜ ìž‘ì•„ì„œ ê°€ì§€ê³  ë‹¤ë‹ˆê¸°ë„ ì¢‹ê³  ì—¬ë¦„ì² ì— ì„ ë¬¼í•˜ê¸°ì—ë„ ì¢‹ì€ ê²ƒ ê°™ì•„ìš© !,"[1, 0, 0, 0, 0]"
ì§€ì†ë ¥ë„ ì•„ì¹¨ì— ê·¸ë¦¬ë©´ ì•¼ìžê°ë…í•œ ë°¤ê¹Œì§€ ê±°ì˜ 14ì‹œê°„ ì •ë„ ì­‰ ê°€ê³  ê·¸ë¦¬ê¸°ë„ ì‰¬ìš´ ë¶“íŽœì´ì—ìš© ~~,"[1, 0, 0, 0, 0]"
ì—­ì‹œ ëª¨í…Œë¼ì´ë„ˆ ìœ ëª…í•œ ì´ìœ ê°€ ìžˆë„¤ìš© ðŸ’œ,"[0, 0, 1, 0, 0]"
ê·¸ë‚ ê·¸ë‚  ê¸°ë¶„ë”°ë¼ ì•„ì´ë¼ì´ë„ˆ ìƒ‰ë„ ë°”ê¿”ì£¼ê³ ìžˆìŠµë‹ˆë‹¹,"[0, 0, 0, 0, 1]"
"ë¦¬ë·°ê°€ 20,000ê°œ ê°€ê¹Œì´ ë˜ëŠ” ë§Žì€ ì‚¬ëžŒë“¤ì´ ì‚¬ëž‘í•˜ëŠ” ì œí’ˆì´ëžë‹ˆë‹¤ !","[0, 0, 1, 0, 0]"
ì—¬ì „ížˆ ì‚¬ìš©ê°ì€ ë„ˆë¬´ ì¢‹ì€ë° íŒ¨í‚¤ì§€ëŠ” ë” ì„¸ë ¨ë˜ê²Œ ë³€í•œ ê²ƒ ê°™ì•„ìš”.,"[0, 1, 0, 0, 0]"
ê°„íŽ¸í•˜ê²Œ ë½‘ì•„ì„œ ì‚¬ìš©í•˜ëŠ” ë°”ë””í‹°ìŠˆê°€ í”¼ë¶€ê´€ë¦¬ ë°”ë””ê´€ë¦¬ê¹Œì§€ í•´ì¤˜ì„œ ì €ê°™ì€ ê·€ì°¨ë‹ˆìŠ¤íŠ¸ì—ê²Œ ë”±ì´ë¼ ìƒê°í–ˆì–´ìš” .,"[1, 0, 0, 0, 0]"
ë„ˆë¬´ ê°„íŽ¸í•˜ê²Œ ê¹¨ë—í•˜ê²Œ ì“¸ ìˆ˜ ìžˆë‹¤ëŠ” ê²ƒì´ ê°œì¸ì ìœ¼ë¡œ ì œí’ˆì—ì„œ ê°€ìž¥ ë§ˆìŒì— ë“¤ì—ˆë˜ ì ì´ì—ìš©,"[1, 0, 0, 0, 0]"
ê·¸ë¦¬ê³  ë¯¸ìŠ¤íŠ¸ì˜ íŽ¸ë¦¬í•¨ê³¼ ìœ„ìƒì—ë„ íƒì›”,"[1, 0, 0, 0, 0]"
10ì´ˆë§Œì— ë°”ë¥´ê³ ~ ë§ˆë¥´ê³ ~ í¡ìˆ˜ê¹Œì§€ ë‹¤ ë˜ì„œ ì™„ì „ ê°„íŽ¸í•˜ë‹¤êµ¬ìš©,"[1, 0, 0, 0, 0]"
ì‚¬ìš©ì´ ê°„íŽ¸í•´ì„œ ë„ˆë¬´ ì¢‹ê³  ë‹¤ë¥¸ ì œí’ˆê³¼ ë¹„êµí•˜ì—¬ ì´ ì œí’ˆë§Œì´ ê°€ì§€ê³  ìžˆëŠ” ì˜ë¯¸ìžˆëŠ” íŠ¹ì´ì ì´ ë°”ë¡œ 10ì´ˆë§Œì— í’‹ì¼€ì–´ê°€ ê°€ëŠ¥í•˜ë‹¤ëŠ”ê²Œ ì•„ë‹ê¹Œ ìƒê°í•´ìš”,"[1, 0, 0, 0, 0]"
ê·¸ë¦¬êµ¬ ì–´ë¦°ì´ë¶€í„° ì–´ë¥¸ê¹Œì§€ ì‚¬ìš©í•  ìˆ˜ ìžˆëŠ” ì˜¨ê°€ì¡±ì„ í¬ë¦¼ì´ë¼ëŠ”ê²ƒ,"[1, 0, 0, 0, 0]"
ìš°ë¦¬ì•„ì´ í”¼ë¶€ ì†”ë£¨ì…˜ 1ë“±ê¸‰ì›ë£Œì˜ í™”ìž¥í’ˆ ê³ ê¸‰ìŠ¤ëŸ¬ìš´ íŒ¨í‚¤ì§€Â  ë””ìžì¸ìœ¼ë¡œ ì•„ê°€ 31ë„ #ì¶œì‚°ì„ ë¬¼ ë¡œë„Â  ì¢‹ì„êº¼ ê°™ì•„ìš”.,"[0, 1, 0, 0, 0]"
í•œë²ˆë„ ì•ˆ ì¨ë³¸ ì‚¬ëžŒì€ ìžˆì§€ë§Œ í•œë²ˆë§Œ ì¨ë³¸ ì‚¬ëžŒì€ ì—†ì„ ì •ë„ë¡œ.. ê°€ê²©ì€ ì¡°ê¸ˆ ë¹„ì‹¸ì§€ë§Œ ì§ì ‘ ì¨ë³´ë‹ˆê¹Œ ì—­ì‹œ ë‹¬ë¼~,"[0, 0, 0, 1, 0]"
í™ˆì‡¼í•‘ì—ì„œë„ ìž˜ íŒ”ë¦¬ëŠ” ì´ìœ ë¥¼ ì•Œê² ë”ë¼ê³ ìš”^^,"[0, 0, 1, 0, 0]"
í‹´ ì¼€ì´ìŠ¤ í˜•íƒœë¡œ ë‹¤ìžì¸ë„ ê³ ê¸‰ìŠ¤ëŸ¬ì›Œ ì„ ë¬¼ìš©ìœ¼ë¡œë„ ë”±ìž„~ìš”,"[0, 1, 0, 0, 0]"
ë””ìžì¸ë„ ê¹”ë”í•˜ë‹ˆ #ì¸í…Œë¦¬ì–´ íš¨ê³¼ë„ ìžˆë„¤:),"[0, 1, 0, 0, 0]"
íœ´ëŒ€ë„ íŽ¸ë¦¬í•˜ë‹ˆ ê³§ ë‹¤ê°€ì˜¤ëŠ” íœ´ê°€ì‹œì¦Œ ê¼­ ì±™ê²¨ê°€ì„œ ê¾¸ì¤€ížˆ ì‚¬ìš©í•˜ë ¤êµ¬ìš”ã…Ž,"[1, 0, 0, 0, 0]"
ì¼ëª… #ìŠ¹ë¬´ì›ë¹„ëˆ„ ë¼ê³  ìœ ëª…í•˜ì£  ã…Žã…Žã…Ž,"[0, 0, 1, 0, 0]"
"ë°”ë””ì›Œì‹œ, ì„¸ì•ˆ ë° í´ë Œì§•ì—ë„ ì‚¬ìš© í•  ìˆ˜ ìžˆì£ ~","[1, 0, 0, 0, 0]"
í¬ìž¥ë„ ì˜ˆì˜ë‹ˆê¹Œ ì„ ë¬¼í•´ë„ ì •ë§ ì¢‹ì„ë“¯í•˜ë„¤ìš”^^,"[0, 1, 0, 0, 0]"
ì € ìƒ¤í”„ ê°€ì„±ë¹„ ì¢‹ì•„ìš”!,"[0, 0, 0, 1, 0]"
ì¶œì‹œ ì´í›„ 30ë§Œê°œ ì´ìƒ íŒë§¤ë ë§Œí¼ ì•„ì£¼ í•«í•œ ì œí’ˆìœ¼ë¡œ ë“±ê·¹,"[0, 0, 1, 0, 0]"
ê·¸ë¦¬ê³  ì¸ìŠ¤íƒ€ì—ì„œë„ ì™„ì „ ì¸ê¸°ëª°ì´ì¤‘~~~,"[0, 0, 1, 0, 0]"
ì˜ˆìœ ì»¬ëŸ¬ë¼ì„œ ì£¼ë°©ì¸í…Œë¦¬ì–´ ì†Œí’ˆìœ¼ë¡œ í™œìš©í•´ë„ ì†ìƒ‰ì—†ë”ë¼êµ¬ìš”~,"[0, 1, 0, 0, 0]"
ì—°ì˜ˆì¸ë„ ì¶”ì²œí•˜ëŠ” í‚´ë¦¬ì½”ë¦¬ì•„ ì¼€ì´íƒ±í¬ ðŸ‘,"[0, 0, 1, 0, 0]"
ì—¬ê¸°ì— ì„¸ë ¨ë˜ê³  ê³ ê¸‰ìŠ¤ëŸ° ë””ìžì¸ê³¼ íŽ¸ì•ˆí•œ ê·¸ë¦½ê°ì„ ê°€ì¡Œë‹µë‹ˆë‹¤,"[0, 1, 0, 0, 0]"
ê·¸ë¦¬ê³  ë°°í„°ë¦¬ ížˆíŒ…ì  ë” ìº¡ë„ ë¶„ë¦¬ë˜ì–´ ì²­ì†Œ ë° as(íŒŒì¸  êµ¬ë§¤ ê°€ëŠ¥) ìš©ì´í•´ìš”,"[1, 0, 0, 0, 0]"
ìš”ì¦˜ ë¶€ì© ì£¼ë¦„ì´ ëŠ˜ì–´ì„œ ì•„ëŠ” ì–¸ë‹ˆì—ê²Œ ê´€ë¦¬í•˜ëŠ”ë²•ì„ ë¬¼ì–´ë³´ê³  ì¶”ì²œë°›ì€ í™ˆì‡¼í•‘ í™”ì œì˜ ì£¼ë¦„ê°œì„  í™”ìž¥í’ˆ ì´ë¯¸ìš© ë¶€ë¬¸ 1ìœ„ #ë‚˜ì¸í…Œì¼ì¦ˆ,"[0, 0, 1, 0, 0]"
#ì •ì‚¬ì´ì¦ˆí• ê·¸ëŒ€ë¡œ ë„ˆë¬´ íŽ¸í•´ìš” ðŸ’–,"[1, 0, 0, 0, 0]"
2 in 1 ì´ë¼ ì™„ì „ íŽ¸í•˜ë‹¤~!,"[1, 0, 0, 0, 0]"
ì•„ ë„˜ë‚˜ ì˜ˆë¿Œê¸° ~~~~~~~ ã…‹,"[0, 1, 0, 0, 0]"
ì–´ë¨¸ ë„ˆë¬´ ì˜ˆë» >_<..,"[0, 1, 0, 0, 0]"
ì™œë“¤ ì¢‹ì•„í•˜ëŠ”ì§€ ì´ìœ ë¥¼ ì•Œê² ìŠ´..,"[0, 0, 1, 0, 0]"
ë§¨ë‚  .. ë”°ë¡œë”°ë¡œ #ë§ˆìŠ¤í¬íŒ© í•˜ê¸° ê·€ì°®ì•˜ëŠ”ë° ë„˜ë‚˜ ì¢‹ìœ¼ê¹…..,"[1, 0, 0, 0, 0]"
ì‚¬ìš©í• ìˆ˜ë¡ ê°„íŽ¸í•´ì„œ ë§˜ì— ë“œëŠ” #dalba #7_33 ..,"[1, 0, 0, 0, 0]"
ì• ì •í•˜ëŠ” #ì•…ì„¸ì‚¬ë¦¬ #ë¸”ë£¨ë‚˜ì¼ ë„˜ ì´ë¿Œë„¤..,"[0, 1, 0, 0, 0]"
ì§„ì§œ ìœ ëª…í…œì´ë¼ ê¶ê¸ˆí–ˆëŠ”ë°.. ì™œ ê·¸ë ‡ê²Œë“¤ ì¶”ì²œí•˜ëŠ”ì§€ ì´ì   ì•Œê²Œëœ¸..,"[0, 0, 1, 0, 0]"
ì´ë ‡ê²Œ #ë¹„ê¸€ë¯¸ í„°ì§€ëŠ” ë‘˜ì§¸ë„ .. í”¼ë¶€ëŠ” ì°¸ ì ˆ ë‹®ì•„ ì—°ì•½í•œëŒ€ ^-^.. ìš”ì¦˜ ë³´ì†¡í•œ ë¯¸êµ­ ë³‘ì› íŒë§¤ìœ¨ 1ìœ„ ê¸°ì €ê·€ì¸ #íŒ¸í¼ìŠ¤ìŠ¤ì™€ë“¤ëŸ¬ ì°©ìš©í•˜ë©°.. í”¼ë¶€ì— ìžê·¹ë„ ì—†ì´ ìž˜ ìžê³  ìž˜ ë†€ê³ .. ë°©ë°© ë›°ì–´ë‹¤ë‹ˆë„¤ì—¼,"[0, 0, 1, 0, 0]"
ê·¸ëž˜ì„œì¸ì§€ ëˆ„ì íŒë§¤ëŸ‰ë„ ì–´ë§ˆì–´ë§ˆ..,"[0, 0, 1, 0, 0]"
ìš”ì¦˜ ê³ ë°ê¸° ì‚¬ìš©í•˜ë©´ì„œ ë¨¸ë¦¬ë‹˜ ë” ì‹¬ê°í•˜ê²Œ ã… _ã…  ì†ìƒì´ ë˜ì–´ì„œ ìš”ì¦˜ í•«í•˜ë‹¤ëŠ” #ì•„ìœ¤ì±„ #ì»¤ì»´í”Œë¦¬íŠ¸ë¦¬ë‰´ ë¼ì¸ì„ ì¨ë³´ëŠ” ì¤‘ì´ì—ì˜ ~ ^-^,"[0, 0, 1, 0, 0]"
ë³¸ëž˜ë„ ì•„ìœ¤ì±„ê°€ ë·°í‹° ìœ íˆ¬ë²„ë‚˜ SNSì—ì„œë„ í•«í•´ì„œ ì¨ë³´ê³  ì‹¶ì—ˆê±°ë“ ì˜ ã…Ž,"[0, 0, 1, 0, 0]"
ì˜¤ëŠ˜ #ì˜¬ì˜ ê°”ë‹¤ê°€ ì˜ˆìœ #ëª¨ê³µì—ì„¼ìŠ¤ .. ìžˆê¸°ì— ì±™ê²¨ì™”ì£ ,"[0, 1, 0, 0, 0]"
ì˜ˆì˜ë‹¤..,"[0, 1, 0, 0, 0]"
ì°¸ #ìœ¡ì•„ìš©í’ˆ ì´ì§€ë§Œ ì—„ë§ˆì˜ ê¸°ì¤€ì—ì„œ.. ë˜ ì´ë ‡ê²Œ ìŠ¤íƒ€ì¼ê¹Œì§€ ë§Œì¡±ì‹œì¼œì£¼ë‹ˆ êµ³..,"[0, 1, 0, 0, 0]"
ë”êµ°ë‹¤ë‚˜ ì˜ˆì˜ê¸°ê¹Œì§€,"[0, 1, 0, 0, 0]"
íŽ¸ë¦¬í•œ íŽŒí•‘íƒ€ìž…ì— ê°€ê²©ë„ êµ¿!,"[1, 0, 0, 1, 0]"
ì•„ì´ë„ ì–´ë¥¸ë„.. ë¶€ë‹´ì—†ì´ ì‚¬ìš©í•  ìˆ˜ ìžˆëŠ” ì œí’ˆ ..,"[1, 0, 0, 0, 0]"
ëŠ˜ ì°¾ê²Œë˜ëŠ” ê°€ê²©ì¢‹ê³ ~ í’ˆì§ˆì¢‹ì•„~ ëŠ˜ ë§Œì¡±ë„ 100ì¸ ì•„ë™ë³µì‡¼í•‘ëª° ì œì´í‚¤ì¦ˆ,"[0, 0, 0, 1, 0]"
í‰ì†Œì—ë„ íŽ¸ì•ˆí•˜ê³  ì˜ˆì˜ê²Œ ìž…ê³  íŠ¹ë³„í•œ ë‚  ìž…ì–´ë„ ì†ìƒ‰ì´ ì—†ëŠ” ì‚¬ëž‘ìŠ¤ëŸ° ì›í”¼ìŠ¤~,"[1, 1, 0, 0, 0]"
ê³ ê¸‰ìŠ¤ëŸ½ê³  íŽ¸ì•ˆí•œ ë ˆì´ì–´ë“œíƒ€ìž… ì›í”¼ìŠ¤,"[1, 1, 0, 0, 0]"
130cm/24kg ë”¸ 13í˜¸ ìž…ì—ˆëŠ”ë° ì‚¬ì´ì¦ˆëŠ” ì¢€ ë„‰ë„‰í•˜ê²Œ ë‚˜ì˜¨ê±° ê°™ì•„ìš”~,"[1, 0, 0, 0, 0]"
"ê³µêµ¬ê°€ë°©ë„ ìžˆì–´ ì •ë¦¬ë„ ë³´ê´€ë„ ì¢‹ê³  ìž˜ê°€ì§€ê³  ë†€ê³ , ê°€ê²©ëŒ€ë¹„ ë§Œì¡±ë§Œì¡±","[0, 0, 0, 1, 0]"
ê·¸ëŸ°ì €ì—ê²Œ ì˜ˆìœ #í•¸ë“œì›Œì‹œ ì™€ #ì£¼ë°©ì„¸ì œ ì„ ë¬¼ ê³ ë§ˆì›Œìš”~,"[0, 1, 0, 0, 0]"
íœ ë‹¤ì´ì–¼ë²„íŠ¼ìœ¼ë¡œ ì˜¨ì˜¤í”„ì— ë°”ëžŒì„¸ê¸° ì¡°ì ˆê¹Œì§€ ë˜ëŠ”ë° ì •ë§ ì†ì‰½ê³  ê°„íŽ¸í•˜ë”ë¼êµ¬ìš”!!!,"[1, 0, 0, 0, 0]"
ì‚¬ìš©ì‰½ê³  ê°„íŽ¸í•˜ê³  íŽ¸ì•ˆí•˜ê²Œ íœ´ì‹ì„ ì·¨í•  ìˆ˜ ìžˆëŠ” ì‹œê°„!!!,"[1, 0, 0, 0, 0]"
ì—­ì‹œ ìœ ëª…í•œ ì´ìœ ê°€ ìžˆì—ˆë„¤~,"[0, 0, 1, 0, 0]"
ðŸ’¬ ë‚œ ì˜¬ì¸ì› ë„˜ì¢‹ì•„ ã…‹ã…‹,"[1, 0, 0, 0, 0]"
ì—¬í–‰ê°ˆë•Œë„ ê°„íŽ¸í•˜ê²Œ ì±™ê¸°ê³  #ìŠ¤í‚¨ + #ë¡œì…˜ +#ì—ì„¼ìŠ¤ ê°€ í•˜ë‚˜ë¡œ~~,"[1, 0, 0, 0, 0]"
ì•„ë‹´í•œì‚¬ì´ì¦ˆ ê·¸ë¦¬ê³  #í”„ë¦´ìž¥ì‹ ê¹Œì§€ ë„˜ ì‚¬ëž‘ìŠ¤ëŸ° #í† ë¼ì¸í˜•,"[0, 1, 0, 0, 0]"
ì²´í¬ë¬´ëŠ¬ëž‘ ë¹¨ê°•ì´ˆë¡ ì˜ˆì˜ë„¤ã…‹,"[0, 1, 0, 0, 0]"
ë°€ë¡œì•¤ê°œë¹„ ë™ë¬¼ìºë¦­í„°ë„ ì‚¬ëž‘ìŠ¤ëŸ½ê³  ê·€ì—½ë‹¤!!!,"[0, 1, 0, 0, 0]"
ì´ë¶ˆì— ë‹¬ë¦° ë”œëŸ°ì¸í˜•ê¹Œì§€~,"[0, 1, 0, 0, 0]"
ê°€ê²©ë„ 2ë§Œì›ëŒ€ë¼ ê´œì¸ˆí•˜ê³  ì˜ˆìœ (ì„ ë¬¼í•˜ê¸°ë„ ì¢‹ì€ë“¯ã…‹) #ë¡œì¼“í¬ë¡œìŠ¤ê°€ë°© ë©”ê³  #ë‚˜ë“¤ì´,"[0, 0, 0, 1, 0]"
#3ê°œì˜ì¹«ì†”ëª¨ ê°€ ìœ„ì™€ ì–‘ì˜†ì—ì„œ ê°ì‹¸ì¤˜ ì–‘ì¹˜ì§ˆí•˜ê¸° ë”íŽ¸í•˜ê³  êµ¬ì„êµ¬ì„ ë” ê¹”ë”í•´ìš”,"[1, 0, 0, 0, 0]"
ë” íŽ¸í•œë° ë” ê¹”ë”í•˜ê²Œ ë‹¦ì„ìˆ˜ ìžˆì–´ì„œ ì¢‹êµ¬ìš”,"[1, 0, 0, 0, 0]"
ë³¸ì²´í•˜ë‚˜ë¡œ ì¹«ì†”ëª¨ë§Œ ë°”ê¿”ì„œ ì˜¨ê°€ì¡±ì´ ì“¸ìˆ˜ ìžˆì–´ì„œ ê²½ì œì ì´êµ¬ìš” â¤,"[0, 0, 0, 1, 0]"
ì†ìƒëª¨+ ë³¼ë¥¨ + íƒ„ë ¥ì„ í•œë²ˆì— ì¼€ì–´í•˜ëŠ” all in one #íƒˆëª¨íŠ¸ë¦¬íŠ¸ë¨¼íŠ¸ ë¡œ 7ì´ˆë§Œì— ë³´ë“¤ë³´ë“¤í•œ ë¬¼ë¯¸ì—­ë¨¸ë¦¬ë¡œ ë§Œë“¤ì–´ì£¼ë‹ˆ ì‹ ê¸°í•˜ë„¤ìš” ðŸ˜„,"[1, 0, 0, 0, 0]"
#ì²­ë‹´ë™íŒ© #ì—°ì˜ˆì¸íŒ© ìœ¼ë¡œ ìœ ëª…í•˜ë˜ë° í›„ê¸°ë³´ìžë§ˆìž #ì–´ë¨¸ì´ê±´ì‚¬ì•¼í•´,"[0, 0, 1, 0, 0]"
"ë‘ë²ˆì§¸, ë„ˆë¬´ ë§ˆìŒì— ë“œëŠ” ë””ìžì¸!","[0, 1, 0, 0, 0]"
íˆ¬ë°•í•œ ë¸”ëž™ìƒ‰ìƒë³´ë‹¨ ì„¸ë ¨ëœ í™”ì´íŠ¸ ìƒ‰ìƒì´ ìš°ë¦¬ ì£¼ë°©ê³¼ ì¡°í™”ë¡œì›Œìš”~,"[0, 1, 0, 0, 0]"
"ì„¸ë²ˆì§¸, ì—„ì²­ë‚œ ê°€ì„±ë¹„!","[0, 0, 0, 1, 0]"
"7L ì´ˆëŒ€ìš©ëŸ‰ì¸ë° 9ë§Œì›ëŒ€, 1ë…„ì´ ì§€ë‚˜ë„ ASìž˜ë˜ê³  ì†ŒìŒìž‘ê³  ì„¸ì²™ê°„íŽ¸","[1, 0, 0, 1, 0]"
í•„ë¦½ìŠ¤ê°™ì€ ìœ ëª… ë¸Œëžœë“œëŠ” ì•„ë‹ˆì§€ë§Œ ì´ìŠˆê°€ ëœ ì „ìžíŒŒí…ŒìŠ¤íŠ¸ë„ í†µê³¼í–ˆë‹¤ë„¤ìš”.,"[0, 0, 1, 0, 0]"
30ë¶„ì”© ë§¤ì¼ ëŒë ¤ë„ í•œë‹¬ ì „ê¸°ì„¸ 3000ì›!!,"[0, 0, 0, 1, 0]"
ë ˆì‹œí”¼ë¶ ë³´ë©° ê°„íŽ¸í•˜ê²Œ ìš”ë¦¬í•˜ëŠ” ìž¬ë¯¸ë¡œ ì™¸ì‹ì•ˆí•˜ê²Œ ë˜ë‹ˆ ê²½ì œì ì´ë„¤ìš” â¤,"[1, 0, 0, 0, 0]"
ë²¨íŠ¸í˜•ì‹ì´ë¼ì„œ ê±¸ì–´ë‹¤ë‹ë•Œë„ ì‚¬ìš© ê°€ëŠ¥í•´ì„œ êµ¿êµ¿ ðŸ¤—,"[1, 0, 0, 0, 0]"
10ë¶„ì¶©ì „ì—ë„ ìµœì†Œ 3ì‹œê°„ì´ìƒ ì‚¬ìš©í•´ì„œ ì—°ì‹  ì „ìžë Œì§€ì— ë°ìš°ëŸ¬ê°ˆí•„ìš”ë„ ì—†êµ¬ìš”,"[1, 0, 0, 0, 0]"
"ìœ í•´ì „ìžíŒŒX, ë¬´ì„ ì‚¬ìš©ìœ¼ë¡œ ì „ê¸°ì½”ë“œê°€ ì—†ì–´ ìž¥ì†Œ ìƒê´€ì—†ì´ ì‚¬ìš©ê°€ëŠ¥í•´ìš” ðŸ˜","[1, 0, 0, 0, 0]"
#ë¯¸êµ­íŒë§¤1ìœ„ #ë°”ë‹ˆí¬ë¦¼ ì§„ì§œ ë„˜ì¢‹ë„¤ìš”,"[0, 0, 1, 0, 0]"
ì˜ˆìœë¯¼íŠ¸ìƒ‰ì´ì—ìš”ã…Žã…Ž,"[0, 1, 0, 0, 0]"
ì–¼ë£¨ì–´ í’ˆí‰ë‹¨ 100 ì¸ì˜ í’ˆí‰ê²°ê³¼ íŽ¸ë¦¬í•¨ê³¼ ì‚¬ìš©ê° ë§Œì¡±ë„ 98%ë‚˜ì™”ë‹¤ëŠ” #í•„ì¸ì…€ ðŸ˜„,"[1, 0, 0, 0, 0]"
ì™œ ìž…ì†Œë¬¸ë‚˜ëŠ”ì§€ ì•Œê±°ê°™ì•™,"[0, 0, 1, 0, 0]"
ì•„ê¸°ë³€ê¸°ê°€ ì´ëž˜ ì´ì ìˆ˜ê°€ ìžˆë„¤ìš”ðŸ˜,"[0, 1, 0, 0, 0]"
ë°°ë³€í›ˆë ¨ë•Œë¬¸ì— ì•„ê¸°ë³€ê¸°ë¡œë§Œ ì‚¬ìš©í•´ë´¤ì§€ ì´ë ‡ê²Œ í›Œë¥­í•œ ìœ ì•„ì˜ìžë¡œë„ ì“¸ìˆ˜ìžˆëŠ” #ì•„ê¸°ë³€ê¸° ê°€ ìžˆì—ˆë„¤ìš”!!,"[1, 0, 0, 0, 0]"
ê³¡ì„ í˜• ë³€ê¸°ëšœê»‘ì€ ìœ ì•„ì˜ìžë¡œë„ ë°”ê¿”ì£¼ê³  ë¶€ë“œëŸ¬ìš´ ì‹œíŠ¸ëŠ” í­ì‹ í­ì‹ í•´ì„œ ì—‰ë©ì´ì‚´ì´ ë‹¿ì•„ë„ ì°¨ê°‘ì§€ê°€ ì•Šì•„ìš”~,"[0, 1, 0, 0, 0]"
ë² ë² ëˆ„ë³´ ì‹ ìƒí’ˆ ì¹¨ë‚­í˜• ë‚®ìž ì´ë¶ˆë¡œ ìš”ì¦˜ ìž¬ì›Œë³´ê³  ìžˆëŠ”ë° íŒ¨ë“œê°€ ìš°ì„  ë„í†°í•˜ê³  ì¼ì²´í˜•ë˜ëŠ” ë¶„ë¦¬í• ìˆ˜ìžˆì–´ íŽ¸í•©ë‹ˆë‹¤!,"[1, 0, 0, 0, 0]"
ì¹¨ë‚­í˜• ë‚®ìž ì´ë¶ˆ ì¸ë””í•‘í¬ ë””ìžì¸ìœ¼ë¡œ ì„ íƒí–ˆëŠ”ë° ë„˜ ì´ë»ì„œ ì¶”ì²œí•´ìš”ðŸ˜Š,"[0, 1, 0, 0, 0]"
í•˜ë£¨ í•œìž¥ì”© ëœ¯ì–´ ì‚¬ìš©í›„ ë°”ë¡œ ë²„ë¦¬ê¸° ë•Œë¬¸ì— ê°„íŽ¸í•˜ê¸°ë„ í•˜ê³  ì£¼ë°©ë„ ì²­ê²°í•´ì§€ì£ ~,"[1, 0, 0, 0, 0]"
ì´ì   ì£¼ë°©ì—ì„œë„ íŽ¸í•˜ê²Œ ì„¤ê±°ì§€í•˜ìžêµ¬ìš”~,"[1, 0, 0, 0, 0]"
ì‚¬ì€í’ˆìœ¼ë¡œ ë°›ì€ ì—ì½”ë°±ë„ ë„˜ ì˜ˆì˜ë„¤ìš”ðŸ˜š,"[0, 1, 0, 0, 0]"
ë°”ëžŒì„¸ê¸°ëŠ” 4ë‹¨ìœ¼ë¡œ ë˜ì–´ìžˆê³  ì–´ë””ì„œë“  ê±°ì¹˜í• ìˆ˜ìžˆëŠ” ê±°ì¹˜ëŒ€ë„ ìžˆì§€ë§Œ íœ´ëŒ€í• ë•ŒëŠ” êµ³ì´ ì•ˆê°€ì§€ê³  ë‹¤ë…€ìš”~,"[1, 0, 0, 0, 0]"
USB ì¶©ì „ê¸°ë¡œ ì–¸ì œ ì–´ë””ì„œë“  ì†ì‰½ê²Œ ì¶©ì „ì´ ê°€ëŠ¥í•˜ë‹ˆê¹Œ íŽ¸í•˜ë„¤ìš”~,"[1, 0, 0, 0, 0]"
ë²”í¼ì¹¨ëŒ€ê°€ ë°‹ë°‹í•˜ë‹ˆ ì•„ì‰¬ì› ë˜ ë¶€ë¶„ì´ ë¸”ë§ë¸”ë§í•œ ëª¨ê¸°ìž¥ê³¼ ë³´íƒœë‹ˆì»¬ ê°€ëžœë“œë¡œ ê°™ì´ ì—°ì¶œí•´ë´¤ëŠ”ë° ë¶„ìœ„ê¸° ëŒ€ë°•!!!,"[0, 1, 0, 0, 0]"
ì¶œìž…ì´ ìžìœ ë¡œìš´ ì§€í¼ë””ìžì¸ ë•ë¶„ì— &name&ê°€ ë‹µë‹µí•´í•˜ì§€ ì•Šêµ¬ ì¢‹ì•„í•˜ë„¤ìš”.,"[1, 0, 0, 0, 0]"
ì–‘ìª½ ì¶œìž…ë¬¸ì— ê³ ì •ê³ ë¦¬ê°€ ìžˆì–´ì„œ ì•„ì´ê°€ ìž ë“¤ê¸°ì „ê¹Œì§€ ì—´ì–´ë‘ë©´ ì§œì¦ë‚´ì§€ë„ ì•Šê³  í™œë™í•˜ê¸°ë„ íŽ¸í•©ë‹ˆë‹¤~,"[1, 0, 0, 0, 0]"
ê·¸ëƒ¥ ëª¨ê¸°ìž¥ë§Œ ì„¤ì¹˜í–ˆì„ë•Œë„ ì˜ˆë»¤ì§€ë§Œ ë³´íƒœë‹ˆì»¬ ê°€ëžœë“œëž‘ ê°™ì´ í•´ë†“ìœ¼ë‹ˆ ë” ë§Œì¡±ë„ UP,"[0, 1, 0, 0, 0]"
ì¹œìˆ™í•œ ìºë¦­í„°ë¼ &name&ê°€ ì¢‹ì•„í•˜êµ¬ ë‹¤ìš©ë„ ëˆì´ ìžˆì–´ ì–´ë””ë“  ê±¸ìˆ˜ìžˆë‹¤ëŠ” ìž¥ì !,"[0, 1, 0, 0, 0]"
ë²¨í¬ë¡œ ë¶€ì°©ë°©ì‹ì´ë¼ ì™„ì „ íŽ¸í•´ìš”~,"[1, 0, 0, 0, 0]"
#ì—­ì‹œ ë„˜ ì˜ˆìœ #ì‹¤ë‚´ë³µ,"[0, 1, 0, 0, 0]"
ë¬´ëƒë¬´ëƒê¸°ìžë‹¨2ê¸° ë‘ë²ˆì§¸ ìƒí’ˆì´ ë„ì°©í–ˆëŠ”ë° ì™„ì „ ì´ì¨ë‹ˆë‹¤!,"[0, 1, 0, 0, 0]"
ë””ìžì¸ë„ &name&í•œí…Œ ìž˜ì–´ìš¸ë ¤ì„œ ì˜¬ì—¬ë¦„ë‚´ë‚´ ìž…ížˆê² ì–´ìš”!,"[0, 1, 0, 0, 0]"
ì‚¬ì´ì¦ˆê°€ ë„‰ë„‰í•˜ê²Œ ë‚˜ì™€ì„œ ì˜¤ëž˜ìž…ížìˆ˜ ìžˆì–´ì„œ ì¢‹ì•„ìš”!!,"[0, 1, 0, 0, 0]"
ì˜¤ëŠ˜ ë„ì°©í–ˆê¸¸ëž˜ ë°”ë¡œ ê°œë´‰í•´ë³´ë‹ˆ í¬ê¸° ì™„ì „ ëŒ€ë°•ë§Œì¡±!!ã…‹ã…‹,"[0, 1, 0, 0, 0]"
ë””ìžì¸ê¹Œì§€ ë„ˆë¬´ ë§˜ì— ë“¤ì–´ìš”ðŸ˜,"[0, 1, 0, 0, 0]"
&name&ì™€ í•¨ê»˜í•˜ëŠ” #ë‚˜ë“¤ì´ ì—ëŠ” #ë³´ëƒ‰ë°± ê³¼ #ì‡¼í¼ë°± ì„ í•œë²ˆì— í•´ê²°ë˜ëŠ” ë§ˆë“¤ë¦° ë”ë¸” #ë³´ì˜¨ë³´ëƒ‰ë°±,"[1, 0, 0, 0, 0]"
#ë©€í‹°ìŠ¤íŠ¸ë¼ì´í”„ íŒ¨í„´ êµ¿!!!ðŸ‘,"[0, 1, 0, 0, 0]"
ê¸€ìžì²´ë„ ì‹¬í”Œí•´ì„œ ë§˜ì— ë“¤êµ¬ìš”.,"[0, 1, 0, 0, 0]"
ì•„ì´ê°€ ì¢‹ì•„í•˜ëŠ” ë™ë¬¼ì´ë‚˜ ê³¼ì¼ë„ ìžˆì–´ì„œ ë”ìš± ë§Œì¡±ìŠ¤ëŸ¬ì› ë„¤ìš”.,"[0, 1, 0, 0, 0]"
ë„ˆë¬´ë„ˆë¬´ ê·€ì—¬ì›Œìš”ðŸ˜,"[0, 1, 0, 0, 0]"
ë¬´ê±°ìš´ #ë””ëŸ­ìŠ¤ìœ ëª¨ì°¨ ëŒê³ ë‹¤ë‹ˆë‹¤ê°€ ì´ë ‡ê²Œ ì¡°ìž‘í•˜ê¸°ì‰¬ìš´ #ìœ ëª¨ì°¨ ë¼ë‹ˆðŸ˜†,"[1, 0, 0, 0, 0]"
íœ´ëŒ€ìš©ìœ ëª¨ì°¨ê°€ ì´ë¦¬ íŽ¸í• ì¤„ì€ã…Žã…Ž,"[1, 0, 0, 0, 0]"
ì†Œìž¬ìžì²´ê°€ ì¢‹êµ¬ ë„ˆë¬´ íŽ¸í•œ #ë¦´í—¤ë¸ë‚´ì˜ #ë„˜ë‚˜ì¢‹ì€ê²ƒ,"[1, 0, 0, 0, 0]"
ë‹¤ìš©ë„ë¡œ ì“¸ìˆ˜ìžˆì–´ ì¢‹ë„¤ìš”ã…‹ã…‹ã…‹,"[1, 0, 0, 0, 0]"
15gìœ¼ë¡œ ê°€ë³ê³  ì†Œí˜•ì‚¬ì´ì¦ˆë¼ ì–´ë””ì„œë‚˜ íœ´ëŒ€í•´ì„œ ì‚¬ìš©í• ìˆ˜ ìžˆì–´ìš”!,"[0, 1, 0, 0, 0]"
íŒ¨í‚¤ì§€ë„ ì–´ì©œì´ë¦¬ ì´ì˜ê²Œ ë‚˜ì™”ëŠ”ì§€ ì‚¬ìš©í• ë•Œë§ˆë‹¤ ê¸°ë¶„ì´ ì¢‹ì•„ì ¸ìš”~,"[0, 1, 0, 0, 0]"
ì œê°€ ìƒê°í–ˆë˜ê²ƒë³´ë‹¤ ë” ì´ë»ìš”ðŸ˜,"[0, 1, 0, 0, 0]"
ë¶€ë“œëŸ½ê³  ì‹œì›í•œ ì›ë‹¨ë„ ì¢‹ê³  ì˜ˆì˜ê³  ê·€ì—¬ìš´ ê·¸ëž˜í”½ì´ íŠ¹ì§•ì´ì—ìš”~,"[0, 1, 0, 0, 0]"
ì‹ ì§€ëª¨ë£¨ ì˜¤ê·¸ëž© ì „ë™ ì°¨ëŸ‰ìš© ë¬´ì„ ì¶©ì „ ê±°ì¹˜ëŒ€ë¥¼ ì‚¬ìš©í•˜ê³  ìžˆëŠ”ë° ì§€ê¸ˆê¹Œì§€ì˜ ê±°ì¹˜ëŒ€ëž‘ì€ ì°¨ì›ì´ ë‹¤ë¥´ê³  ì •ë§ íŽ¸ë¦¬í•´ì„œ ì¢‹ë„¤ìš”~,"[1, 0, 0, 0, 0]"
ì†ì‰¬ìš´ ìž ê¸ˆí•´ì œë²„íŠ¼ìœ¼ë¡œ ì‚´ì§ ëˆŒëŸ¬ì£¼ë©´ íƒˆê±°ë„ ë¹¨ë¼ìš”!,"[1, 0, 0, 0, 0]"
ë•ë¶„ì— ì°¨ì•ˆì—ì„œ íŽ¸í•˜ê²Œ ì‚¬ìš©í•˜ê² ì–´ìš”~,"[1, 0, 0, 0, 0]"
ê¸°ì¡´ì— #ìž¡í‹°ì„¸ëŸ¼ ì‚¬ìš©í•´ë´¤ëŠ”ë° íš¨ê³¼ê°€ ì¢‹ì•„ì„œ ë” ê°•ë ¥í•˜ê²Œ ì¶œì‹œëœ ìž¡í‹°ì„¸ëŸ¼ â…¡ í•œì •ê¸°íš ìƒí’ˆì„ ì¨ë³´ëŠ”ë° íŒ¨í‚¤ì§€ì¡°ì°¨ ë„ˆë¬´ ì´ì˜ì£ ?,"[0, 1, 0, 0, 0]"
ë” ì˜ˆë»ì§„ í•‘í¬ë¹› ìš©ê¸°ë„ ê·¸ë ‡ê³  ì‚°ëœ»í•˜ê³  ë¶€ë“œëŸ¬ìš´ í…ìŠ¤ì³ëŠ” ë‹¨ì—°ìµœê³ !,"[0, 1, 0, 0, 0]"
ì™„ì „ íŽ¸í•˜ê³  ì¢‹ì•„ìš”â¤,"[1, 0, 0, 0, 0]"
ì°©ìš©ì—ì„œ ë¸Œë¼í‹° ì°©ìš©ìœ¼ë¡œ íŽ¸ë¦¬í•˜ê³  ì˜·ìž…ê¸°ë„ ì‰¬ì›Œìš©ðŸ˜,"[1, 0, 0, 0, 0]"
ì‹¤ë‚´ì™¸ ì–´ë””ì„œë“  ìž¥ì†Œì— ìƒê´€ì—†ì´ ê°„íŽ¸í•˜ê²Œ ì°©ìš©ê°€ëŠ¥í•œ #ìˆ¨ë°”ê¼­í‹°,"[1, 0, 0, 0, 0]"
ì ë‹¹í•œ ë³¼ë¥¨ìœ¼ë¡œ ìžì—°ìŠ¤ëŸ° ëŠë‚Œì— ë°•ì‹œí•œ ë””ìžì¸ì´ë¼ ê°ìª½ê°™ì•„ìš”ã…‹ã…‹,"[0, 1, 0, 0, 0]"
ì¼ìƒìƒí™œì—ì„œ íŽ¸í•˜ê²Œ ìž…ì„ìˆ˜ìžˆëŠ” ìŠ¬ë¦¼9,"[1, 0, 0, 0, 0]"
#ë¹„ì¹˜ê°€ìš´ ë„˜ ê·€ì—¬ì›Œìš”â¤,"[0, 1, 0, 0, 0]"
#ì•„ë¡ ìƒµ #ë¯¸ìš©ì‹¤íŠ¸ë¦¬íŠ¸ë¨¼íŠ¸ ìš”ê²Œë°”ë¡œ #ì—°ì˜ˆì¸ë¨¸ë¦¿ê²°ì˜ë¹„ë°€,"[0, 0, 1, 0, 0]"
í´ë Œì§•ê³¼ ê°ì§ˆì œê±° ë™ì‹œ ê°€ëŠ¥í•˜ë‹ˆê¹Œ íŠ¹ë³„ížˆ ìŠ¤í¬ëŸ½ì„ ë”°ë¡œ ì•ˆí•´ë„ ë˜ì„œ ê´€ë¦¬í•˜ê¸°ë„ íŽ¸í•˜ë„¤ìš”ã…Žã…Ž,"[1, 0, 0, 0, 0]"
í€„ë¦¬í‹° ëŒ€ë°•ì´ê³  ë„ˆë¬´ë„ˆë¬´ ì´ë½€ì—¬ðŸ˜˜,"[0, 1, 0, 0, 0]"
ë…¸ëž‘ì €ê³ ë¦¬ + í•‘í¬ì¹˜ë§ˆ íƒì›”í•œ ì„ íƒ!,"[0, 1, 0, 0, 0]"
ì§„ì‹¬ ì´ë½€ì—¬ã…‹ã…‹,"[0, 1, 0, 0, 0]"
ê·¸ëž˜ì„œ ì‹±í¬ëŒ€ê±°ë¦„ë§ë„ ìŒì‹ë¬¼ì“°ë ˆê¸°ë´‰íˆ¬ë„ ê·¸ëŒ€ë¡œ ë²„ë¦´ ìˆ˜ ìžˆì–´ ê°„íŽ¸í•´ì„œ ë” ì¢‹ì€ðŸ™†,"[1, 0, 0, 0, 0]"
"ê¸°ì¡´ì— ì‚¬ìš©í•˜ë˜ #ì‹±í¬ëŒ€ê±°ë¦„ë§ ì€ ì¡°ê¸ˆë§Œ ì‚¬ìš©í•´ë„ ìŒì“°ë¡œ ê½‰ ë§‰í˜€ì„œ ë°°ìˆ˜ê°€ ìž˜ì•ˆë˜ ëŠ˜ ë¶ˆíŽ¸í–ˆëŠ”ë° #ë§ˆì´ìŠ¤ì‹±í¬ëŒ€ê±°ë¦„ë§ ì€ 1,032ê°œì˜ êµ¬ë©ì´ ëš«ë ¤ìžˆë‹¤ë”ë‹ˆ ë§‰íž˜ì—†ì´ ì‘¥ì‘¥ ë‚´ë ¤ê°€ë‹ˆ ë„˜ ì¢‹ë”ë¼ìš”ðŸ¤©","[1, 0, 0, 0, 0]"
íŠ¸ë Œë“œìœ„ë“œë¯¸ì—ì„œ &name&ê°€ ì‚¬ìš©í•´ ì¸ì‹¸í…œì´ ë˜ì–´ë²„ë¦° #í†¤ì—…ì¬í¬ë¦¼,"[0, 0, 1, 0, 0]"
"ìŠ¤í‚¨ ê¸°ëŠ¥ì€ ê¸°ë³¸ ë³´ìŠµ, í†¤ ë³´ì •, ìžì™¸ì„ ì°¨ë‹¨, í”¼ë¶€í†¤ ë³´ì •ê¹Œì§€ í•œë²ˆì— ê°€ëŠ¥í•˜ë‹ˆ ì—¬í–‰ê°ˆë•Œë„ ìš”ê³  í•˜ë‚˜ë©´ ì¶©ë¶„^^","[1, 0, 0, 0, 0]"
í›ˆë‚¨ë“¤ì˜ í•„ìˆ˜í…œ #ê°€ì™€ì‚¬í‚¤m3 ì‚¬ìš©í•´ ë³´ì•˜ì–´ìš”.^^,"[0, 0, 1, 0, 0]"
ì¡°ìž‘ë²•ë„ ê°„ë‹¨í•˜ê³  ì œí’ˆ ì¼€ì´ìŠ¤ë„ ì‹¬í”Œí•˜ë‹ˆ ì¢‹ë”ë¼êµ¬ìš”.,"[1, 1, 0, 0, 0]"
"ì œí’ˆì„ ë³´ê²Œë˜ë©´ ì‰½ê²Œ ì‚¬ìš©í•  ìˆ˜ê°€ ìžˆëŠ”ë°ìš”,","[1, 0, 0, 0, 0]"
ì „ë©´ì´ ë°©ìˆ˜ì²˜ë¦¬ë˜ì–´ íë¥´ëŠ” ë¬¼ì—ì„œë„ ì„¸ì²™ì´ ê°€ëŠ¥í•´ìš”^^,"[1, 0, 0, 0, 0]"
ê°€ë” ì €ëŠ” ê°€ìœ„ë¡œ ì •ë¦¬í–ˆëŠ”ë° ë¹Œë ¤ì„œ ì‚¬ìš©í•´ ë´¤ë”ë‹ˆ ë„ˆë¬´ íŽ¸í•˜ê³  ì¢‹ë”ë¼êµ¬ìš”.,"[1, 0, 0, 0, 0]"
ì´ì˜ì£ ??ðŸ˜ðŸ˜€,"[0, 1, 0, 0, 0]"
"ê·¸ë¦½ê°ì´ë‚˜ í•ì´ ì¢‹êµ¬ìš”,","[0, 1, 0, 0, 0]"
ì´ìœê±° ê°™ì´ ì¨ë´ìš©^^,"[0, 1, 0, 0, 0]"
ì œì´ì¤€ ì›Œí„°ë©œë¡  í•˜ì´ë“œë¡œ ì„ ì¿ ì…˜ ì¼ë°˜ì¿ ì…˜ìš©ê¸°ë³´ë‹¤ í¬ê¸°ê°€ ì»¤ì„œ ë” ë§˜ì— ë“¤ì–´ìš”.,"[0, 1, 0, 0, 0]"
í•‘í¬ë¹› ì½”ëž„ ì¼€ì´ìŠ¤ë¡œ ë´„ë´„í•œ ì»¬ëŸ¬ë„ ì´ì˜ì£ ?^^,"[0, 1, 0, 0, 0]"
"íŽŒí”„ë„ ë¬¼ë°©ìš¸ ëª¨ì–‘ìœ¼ë¡œ ê¼¼ê¼¼í•˜ê²Œ ë°”ë¥¼ ìˆ˜ ìžˆê³ , ì‹œì›í•œ ì¿¨ë§ê°ë„ ìžˆë”ë¼êµ¬ìš”.","[0, 1, 0, 0, 0]"
ì—¬ëŸ¬ê°€ì§€ë¥¼ ì‚¬ìš©í•´ ë³´ë‹¤ê°€ ì–¼ë§ˆì „ì— ëŒ€ëŸ‰ìœ¼ë¡œ êµ¬ë§¤í–ˆëŠ”ë° ê°€ê²©ë„ ì €ë ´í•˜ê³  ê´œì°®ë”ë¼êµ¬ìš”.^^,"[0, 0, 0, 1, 0]"
&name&í–¥ìˆ˜ë¡œë„ ìœ ëª…í•œ ì¼ë³¸ í–¥ìˆ˜ ë¸Œëžœë“œ^^,"[0, 0, 1, 0, 0]"
ë² ì´ìŠ¤ê°€ ë¨¸ìŠ¤í¬ë¼ ì–¸ì œë“  ë¿Œë¦´ ìˆ˜ ìžˆê³  ì¼€ì´ìŠ¤ë„ ì•„ë‹´í•˜ë‹ˆ ì´ì˜ê³  ì„ ë¬¼ë¡œë„ ì¢‹ì„ ê²ƒ ê°™ìŒ.,"[0, 1, 0, 0, 0]"
ê²Œë‹¤ê°€ ê³ ê¸‰ìŠ¤ëŸ¬ìš´ ë¬´ê´‘ ë¸”ëž™ ë©”íƒˆ ì†Œìž¬ì˜ ë¯¸ë“œë‚˜ìž‡ ì»¬ëŸ¬ì™€ ë…¸í¬ì˜¨ ë§¤ì§ ìŠ¤íŽ˜ì´ìŠ¤ëŠ” ì €í¬ì§‘ ì£¼ë°©ì„ í’ˆê²©ìžˆê³  ê³ ê¸‰ìŠ¤ëŸ½ê²Œ ë°”ê¿”ì£¼ëŠ”ë° í° ì—­í• ì„ ë‹´ë‹¹í–ˆë‹¤ëŠ”~!,"[0, 1, 0, 0, 0]"
ìš”ì¦˜ í•«í•˜ë‹¤ê¸¸ëž˜ ì‚¬ìš©í•´ë´¤ëŠ”ë° ìš”ì¦˜ ë¶‰ì€ ë°˜ì  ë„ëŒë„ëŒ ì˜¬ë¼ì˜¨ê±°ì— íš¨ê³¼ ì¢€ ìžˆëŠ”ë“¯~,"[0, 0, 1, 0, 0]"
ì§‘ì—ì„œ ì œëª¨ë¥¼ ì¢€ ë” íš¨ê³¼ì ìœ¼ë¡œ í•˜ê¸° ìœ„í•´ ê°€ì •ì—ì„œ ì‚¬ìš©ê°€ëŠ¥í•œ #IPLì œëª¨ì˜ë£Œê¸°ê¸° ëŠ” ê³ ê¸‰ìŠ¤ëŸ½ê³  ì œëª¨ ì—­í• ë„ ì¶©ì‹¤ížˆ í•´ì¤ë‹ˆë‹¤.,"[0, 1, 0, 0, 0]"
"í‰ì†Œ ë©´ë„ê¸°ë¡œëŠ” ê´€ë¦¬í•˜ê¸° íž˜ë“¤ì—ˆë˜ ë¶€ë“œëŸ½ê³  ë§¤ëˆí•œ í”¼ë¶€, ì´ì œ ì§‘ì—ì„œ #ì œëª¨ì˜ë£Œê¸°ê¸° í™œìš©í•´ ì‰½ê²Œ ê´€ë¦¬í•  ìˆ˜ ìžˆì–´ ìž¥ì ì´ ì •ë§ ë§Žì€ ì œí’ˆ ì´ì—ìš”","[1, 0, 0, 0, 0]"
ì˜¤ëŠ˜ì€ ìš°ì„  ë””ìžì¸ì´ ì–´ë–»ê²Œ ìž˜ ë¹ ì¡ŒëŠ”ì§€ ë³´ì—¬ë“œë¦½ë‹ˆë‹¤^^,"[0, 1, 0, 0, 0]"
í‰ì†Œ ì‚¬ìš©í•˜ë˜ #ë¹„ì•¼ë¹„ì•¼ë¬¼í‹°ìŠˆ ê°€ ë„˜ë‚˜ ì˜ˆì˜ê²Œ ë¦¬ë‰´ì–¼ ë˜ì—ˆë”ë¼ê³ ìš”~,"[0, 1, 0, 0, 0]"
ê¸°ì¡´ íŒ¨í‚¤ì§€ë„ ì˜ˆë»¤ëŠ”ë° ì´ë²ˆì— ë°”ë€ íŒ¨í‚¤ì§€ëŠ” ë­”ê°€ ë” ìˆœìˆ˜í•´ë³´ì´ê³  ì‚¬ëž‘ìŠ¤ëŸ¬ì›Œë³´ì´ëŠ” ëŠë‚Œ~!,"[0, 1, 0, 0, 0]"
#ì¸í…Œë¦¬ì–´ íš¨ê³¼ë„ êµ¿ðŸ‘ðŸ‘,"[0, 1, 0, 0, 0]"
ì´ ì¹´ë©”ë¼ ì‚´ë•Œ ëˆ„ê°€ ì—¬ì¹œ ì‚¬ì¤¬ëŠ”ë° ë„ˆë¬´ ë¬´ê²ë‹¤ê³  ì¼ì£¼ì¼ë§Œì— ë‹¤ì‹œ íŒë‹¤ê³  ê¸€ ì˜¬ë¦°ê±° ë³´ê³  ì–¼ë§ˆë‚˜ ë¬´ê²ê² ë‚˜ í–ˆëŠ”ë° ì§„ì§œ ì•„ë ¹ë“¤ê³  ë‹¤ë‹ˆëŠ” ëŠë‚Œ...,"[1, 0, 0, 0, 0]"
ë¯¸ëŸ¬ë¦¬ìŠ¤ ë§žë‚˜..,"[1, 0, 0, 0, 0]"
SNSëŒ€ëž€ì¸ ë¡œì§€ì‚¬í‹´í¬ë¦¼ ì‚¬ìš©ì¤‘ì´ì—ìš”â£ï¸,"[0, 0, 1, 0, 0]"
ì¸ì²´ê³µí•™ì  Cí˜• ì†ìž¡ì´ ì„¤ê³„ë¡œ ê·¸ë¦½ê°ë„ ì¢‹ê³  í•œì†ìœ¼ë¡œ ë°€ê¸°ë„ ë„˜ë‚˜ ì¢‹ì•„ìš”,"[0, 1, 0, 0, 0]"
ì•žë’¤ ìŠ¬ë¼ì´ë“œ ë°©ì‹ìœ¼ë¡œ ë¬¼ê¸°ì œê±°ì™€ ë¬¼ê±¸ë ˆì²­ì†Œë¥¼ ë™ì‹œì— í•´ì£¼ë‹ˆ êµ¿ ë¬´ì„ ì´ë¼ ì´ë°© ì €ë°© ì˜®ê²¨ë‹¤ë‹ˆë©´ì„œ ì²­ì†Œí•˜ê¸°ë„ ì¢‹ì•„ìš”â£ï¸,"[1, 1, 0, 0, 0]"
ë””ìžì¸ë„ ì˜ˆì˜ê³  ëšœê»‘ì€ &name&ê°€ ê°–ê³  ë†€ê¸°ë„ í•˜ëŠ”ì¤‘ðŸ˜†,"[0, 1, 0, 0, 0]"
ê±°ìš¸ì´ë“  ë²½ì´ë“  ì›í•˜ëŠ” ìœ„ì¹˜ ì–´ë””ë‚˜ ì‚¬ìš©ê°€ëŠ¥í•œ ì„¼ìŠ¤ìžˆëŠ” #ì¹«ì†”ì‚´ê· ê¸°,"[1, 0, 0, 0, 0]"
ëž¨í”„êµì²´ í•„ìš”ì—†ëŠ” UV LED ì‚´ê· ëž¨í”„,"[1, 0, 0, 0, 0]"
í™œë™ì ì¸ &name&ì—ê²Œ íŽ¸í•˜ê²Œ ìž…ížìˆ˜ìžˆì–´ ì¢‹ìœ¼ë‹¤ðŸ˜,"[1, 0, 0, 0, 0]"
ìš´ë™ë§ˆì¹˜ê³  ê¹”ë”í•˜ê²Œ ì •ë¦¬ê°€ ë¼ì„œ íœ´ëŒ€ë„ ì¢‹ê³  ë³´ê´€í•˜ê¸°ë„ ë„˜ ì¢‹ì•„ìš”ðŸŽµ,"[1, 0, 0, 0, 0]"
í‰ìƒì‹œì— ë§¤ê¸°ë„ ë„˜ ì˜ˆì˜ê³  ëŒ€ë§Œì¡±,"[0, 1, 0, 0, 0]"
ì €ë ´ì´ ë©”ë¸”ë¦­í¼í“¸,"[0, 0, 0, 1, 0]"
ê°„ì‹ê·¸ë¦‡ìœ¼ë¡œë„ í™œìš©ðŸ˜†,"[1, 0, 0, 0, 0]"
&name& ì• ì •í…œì´ë¼ ì°¸ ì¢‹ì•„í•´ì„œ ì—„ë§ˆë„ ë•ë¶„ì— íŽ¸í•˜ê²Œ ì™¸ì‹í•´ìš”,"[0, 0, 1, 0, 0]"
ê·€ì—¬ìš´ì‚¬ê³¼ê·¸ëž˜í”Œí† ì´,"[0, 1, 0, 0, 0]"
ì‚¶ê¸° ì–¼ë¦¬ê¸° ì „ìžë Œì§€ ì‚¬ìš©ë„ ë˜ëŠ” #íŠ¸ë¼ì´íƒ„ì˜¤ë³´í‹€í…€ë¸”ëŸ¬,"[1, 0, 0, 0, 0]"
ì –ë³‘ì†Œìž¬ íŠ¸ë¼ì´íƒ„ì´ë¼ ëœ¨ê±°ìš´ë¬¼ ì°¨ê°€ìš´ë¬¼ ì „ë¶€ ë‹´ì„ìˆ˜ ìžˆì–´ìš”ðŸ’•,"[1, 0, 0, 0, 0]"
&other& &name&ë„ ë°˜í•œ í…€ë¸”ëŸ¬,"[0, 0, 1, 0, 0]"
2ê°€ì§€ í…€ë¸”ëŸ¬ë¥¼ ì»¬ëŸ¬ë¯¹ìŠ¤ë§¤ì¹˜ ì²´ì¸ì§€í•˜ë©´ ì„¼ìŠ¤ìžˆëŠ” ì»¤í”Œí…€ë¸”ëŸ¬ ì™„ì„±ðŸ’•,"[0, 0, 0, 0, 1]"
ì…€í”„ë””ìžì¸ìœ¼ë¡œ ì›í•˜ëŠ” ë©˜íŠ¸ë¥¼ í”„ë¦°íŒ… ì„¸ìƒ í•˜ë‚˜ë¿ì¸ ë‚˜ë§Œì˜ í…€ë¸”ëŸ¬ë¥¼ ë§Œë“¤ ìˆ˜ë„ ìžˆì–´ìš”,"[0, 1, 0, 0, 0]"
ìˆ˜ìž‘ì—…ì˜ ë¹—ì‚´ë¼ì¸ì´ ë„˜ ê³ ê¸‰ìŠ¤ëŸ½ê³  íŒŒìŠ¤í…”í†¤ì˜ ì»¬ëŸ¬ê° ì§„ì§œ ëŒ€ - ë°• !,"[0, 1, 0, 0, 0]"
í•œì‹ì— ì“°ìž„ ì¢‹ì€ 4ì¸ ì„¸íŠ¸ë¼ ë” ì¢‹ì€ !!!,"[1, 0, 0, 0, 0]"
íœ´ëŒ€ê°€ ì¢‹ì€ ìž‘ì€ ì‚¬ì´ì¦ˆë¼ ì¢‹ì€ í† ì¼ë ›í¼í“¸ ë’·ì‚¬ëžŒì„ ìœ„í•œ ìž‘ì€ ë°°ë ¤ #ì‹œí¬ë¦¿í‘¸,"[1, 0, 0, 0, 0]"
ì „ìš© ë°›ì¹¨ëŒ€ì˜ ê²½ì‚¬ë©´ìœ¼ë¡œ ë¬¼ë¹ ì§ê³¼ ìœ„ìƒì ì¸ ê´€ë¦¬ê°€ ê°€ëŠ¥í•´ ì´ì ë„ ì°¸ ì¢‹ë„¤ìš”^^,"[0, 1, 0, 0, 0]"
ìš” ì„¸ê°€ì§€ ì œí’ˆ ì•„ì£¼ ìœ ìš©í•˜ê²Œ ì‚¬ìš©í•˜ê³  ìžˆì–´ìš”.,"[1, 0, 0, 0, 0]"
íŽ¸ì•ˆí•œ ê¸°ì €ê·€ ë•ë¶„ì¸ì§€ ë³‘ì›ì—ì„œë„ ê¹Œë¶ˆë˜ ë„ˆ,"[1, 0, 0, 0, 0]"
ê·¸ë™ì•ˆ ê°€ì§€ê³  ë‹¤ë…”ë˜ íœ´ëŒ€ìš©ì„ í’ê¸°ë³´ë‹¤ ì‚¬ì´ì¦ˆê°€ ìž‘ì•„ ì£¼ë¨¸ë‹ˆì—ë„ ì™ ë“¤ì–´ê°€ê³  ìž‘ì€ í•¸ë“œë°±ì—ë„ ë„£ì–´ ë‹¤ë‹ˆê¸° íŽ¸í•´ìš”.,"[1, 0, 0, 0, 0]"
ë””ìžì¸ë„ ì°¸ ì˜ˆì˜ì£ ??,"[0, 1, 0, 0, 0]"
#ì•„ì´ìº”ë””ë ˆì¸ë³´ìš°ë³¼ë¥¨Sì»´íŒ©íŠ¸ë¸ŒëŸ¬ì‰¬ ìŠ¬ë¦¼í•œì‚¬ì´ì¦ˆë¡œ íœ´ëŒ€í•˜ê¸° ì¢‹ì•„ì„œ ì—¬í–‰ê°ˆë•Œ íŒŒìš°ì¹˜ì— ì™ ë„£ì–´ê°€ê¸° ì¢‹ì•„ìš”.,"[1, 0, 0, 0, 0]"
ë””ìžì¸ë„ ì˜ˆë»ì„œ #ì¸í…Œë¦¬ì–´ì†Œí’ˆ í™œìš©ê¹Œì§€ ì œ ëª« í†¡í†¡ížˆ í•´ë‚´ë‹ˆ ì˜ˆë» ì£½ê² ë„¤ìš”:),"[0, 1, 0, 0, 0]"
ë¬¼ì´ ë‹¿ì•„ë„ ë³€í•˜ì§€ ì•ŠëŠ” ë°©ìˆ˜ ìž¬ì§ˆì— ìž˜ìž˜í•œ ë¬¼ê±´ ë”°ë¡œ ë³´ê´€í•  ìˆ˜ ìžˆëŠ” ì§€í¼ë„ ìžˆê³  ë‹¤ì–‘í•œ ì»¬ëŸ¬ì˜ ì–´ê¹¨ëˆìœ¼ë¡œ ìŠ¤íƒ€ì¼ê¹Œì§€ ì‚´ë¦´ ìˆ˜ ìžˆëŠ” ì˜ˆìœ ë¹„ì¹˜ë°±ì´ëžë‹ˆë‹¤.,"[0, 1, 0, 0, 1]"
ì‚¬ì´ì¦ˆê°€ í¼ì§í•´ì„œ ì‡¼í•‘í• ë•Œë‚˜ í•´ì™¸ì—¬í–‰ì‹œì—ë„ ìœ ìš©í•˜ê²Œ ì‚¬ìš©í•  ìˆ˜ ìžˆì„ ê²ƒ ê°™ì•„ìš”.,"[1, 0, 0, 0, 0]"
ì£¼ 1íšŒ ì‚¬ìš©ìœ¼ë¡œ ê°„íŽ¸í•˜ê²Œ ì¼€ì–´í•  ìˆ˜ ìžˆëŠ” #ë§ˆìŠ¤í¬íŒ©ì¶”ì²œ,"[1, 0, 0, 0, 0]"
ê³ ì†ëª¨í„°ì— 10ë‹¨ê³„ ì†ë„ì¡°ì ˆë¡œ ì‚¬ìš©í•˜ê¸° ì •ë§ ì‰½ê³  íŽ¸í•´ìš”~,"[1, 0, 0, 0, 0]"
ì•„ì´ë“¤ì´ ì¢‹ì•„í•˜ëŠ” #í•‘í¬í ìºë¦­í„°ê°€ ìžê¾¸ ì†ì”»ê³ ì‹¶ê²Œ ë§Œë“¤ì–´ìš”~,"[0, 1, 0, 0, 0]"
ìš¸ &name&ì˜ í™œë™ì„±ì„ ë†’ì—¬ì£¼ëŠ” íŽ¸ì•ˆí•œ íŒ¬í‹°ê¸°ì €ê·€,"[1, 0, 0, 0, 0]"
ë¶€ë“œëŸ½ê³  í¡ìˆ˜ë ¥ ì¢‹ê³  í—ˆë¦¬ë°´ë“œê°€ ì«€ì«€í•˜ë‹ˆ ìž˜ ëŠ˜ì–´ë‚˜ë‹ˆ ì§„ì‹¬ íŽ¸í•œê²Œ ëŠê»´ì§€ë‚˜ë´ìš”~,"[1, 0, 0, 0, 0]"
ì„¸ê³„ì ìœ¼ë¡œ ì‚¬ëž‘ë°›ëŠ” ì´ìœ ë¥¼ ì¶©ë¶„ížˆ ëŠë‚„ ìˆ˜ ìžˆëŠ” #ì•„ì´ê¸°ì €ê·€,"[0, 0, 1, 0, 0]"
ë‚´ê°€ ì¢‹ì•„í•˜ëŠ” ë¯¼íŠ¸ìƒ‰ì´ë¼ ì„ íƒí–ˆëŠ”ë° ê³°ê·¸ë¦¼ì€ ì¢€ ë³„ë¡œ..,"[0, 1, 0, 0, 0]"
ì–‡ê³  ê°€ë²¼ì›Œì„œ íœ´ëŒ€ì„±ì€ ìµœê³ ðŸ‘,"[1, 0, 0, 0, 0]"
ê¹”ë”í•œ ë””ìžì¸ìœ¼ë¡œ ì–´ë””ì— ë‘¬ë„ ìž˜ ì–´ë£¨ëŸ¬ì ¸ ì°¸ ê´œì°®ë„¤ìš”~^^,"[0, 1, 0, 0, 0]"
ì§±ì§±í•˜ê²Œ ìž˜ ë¬¶ì´ê³  ì˜ˆì¨!!,"[0, 1, 0, 0, 0]"
ìˆ˜ëª…ì´ ë‹¤ í•œ í—¤ë“œëŠ” ê°œë³„ì ìœ¼ë¡œ ë”°ë¡œ êµ¬ë§¤ ê°€ëŠ¥í•˜ë‹ˆ ê²½ì œì ì´ê¸°ê¹Œì§€..,"[0, 0, 0, 1, 0]"
ì†ì— ë¼ê³  í”ë“¤í”ë“¤í•˜ë©´ ë¹„ëˆ„ë°©ìš¸ í¬ê¸°ë³„ë¡œ ë§‰ ë‚ ë¦¬ë‹ˆ ì˜ˆì˜ê¸°ë„ í•˜ê³ ..ê¸°ë¶„ ì¢‹ìŒ..ðŸ˜†,"[0, 1, 0, 0, 0]"
ì—­ì‹œ #ë¯¿ê³ ì“°ëŠ”ëª½ë””ì—ìŠ¤ ì•„ë‹ˆê² ì–´??,"[0, 0, 1, 0, 0]"
ì „ì„±ë¶„ê³µê°œë¡œ ì•ˆì „í•œ ì¹˜ì•½ì´ë¼ #ìž„ì‚°ë¶€ì¹˜ì•½ ìœ¼ë¡œë„ ìœ ëª…í•˜ë‹¤ë„¤~,"[0, 0, 1, 0, 0]"
ì½”ë²  ë² ì´ë¹„íŽ˜ì–´ ìœ ì•„ìŠ¤í‚¨ì¼€ì–´ ë¶€ë¬¸ ë§¤ì¶œ 1ìœ„ ë‹¬ì„± í•œ #ëª½ë””ì—ìŠ¤ ëŒ€ë‹¨í•´ìš”~ðŸ–’,"[0, 0, 1, 0, 0]"
ì²˜ìŒì—” ì¢€ ë¶ˆíŽ¸í•˜ê²Œ ëŠê»´ì§€ëŠ”ë° ìµìˆ™í•´ì§€ë‹ˆê¹Œ ê´œì°®ë„¤ìš”??,"[1, 0, 0, 0, 0]"
ì´ì œ íŽ¸í•´ìš”!!,"[1, 0, 0, 0, 0]"
ìžê³ ë‚˜ë©´ ì–´ê¹¨ì™€ ëª©ì´ í’€ë¦° ëŠë‚Œì´ê³ .. ì‹œì›í•˜ë‹¬ê¹Œ..ê°œìš´í•´ìš”^^,"[1, 0, 0, 0, 0]"
ìš©ê¸°ë¦¬í•„ì„ ê°„íŽ¸í•˜ê²Œ êµì²´í•  ìˆ˜ ìžˆëŠ” í™€ë”í˜• ë””ìžì¸ìœ¼ë¡œ ë¦¬í•„êµì²´ê°€ ì—„ì²­ ê°„ë‹¨í•´ ì˜¤ëž˜ì˜¤ëž˜ í•¨ê»˜ í•  ìˆ˜ ìžˆëŠ” #ë¹„ì›€,"[1, 0, 0, 0, 0]"
ê¹¨ë—í•œ í™”ì´íŠ¸ ì»¬ëŸ¬ì— ëª¨ë˜í•œ ë””ìžì¸ìœ¼ë¡œ #ì£¼ë°©ì¸í…Œë¦¬ì–´ ì— í•œ ëª« í•˜ëŠ” #ì˜ˆìœì£¼ë°©ì„¸ì œ,"[0, 1, 0, 0, 0]"
#AHCë‚´ì¶”ëŸ´í¼íŽ™ì…˜ì„ ìŠ¤í‹± íˆ¬ëª…í•œ ìŠ¤í‹±í˜•ì´ë¼ ë¶€ë‹´ì—†ì´ ë§ë°”ë¥¼ ìˆ˜ ìžˆê³  ê°€ë³ê³  ìˆœí•œëŠë‚Œì´ ì°¸ ì¢‹ì•„ìš”~,"[0, 1, 0, 0, 0]"
ë¦¬ëª¨ì»¨ì´ ê°™ì´ ìžˆì–´ ë©€ë¦¬ì„œë„ ì¡°ì ˆí•  ìˆ˜ ìžˆì–´ íŽ¸í•˜ê³ ìš”.,"[1, 0, 0, 0, 0]"
ì˜ˆìœ ë³„ì— ë‹´ì€ í•˜íŠ¸ê°€ ë½€ì¸íŠ¸~~â™¡,"[0, 1, 0, 0, 0]"
ë¯¼ë§í•˜ì§€ ì•Šê³  íŽ¸í•´ìš”^^,"[1, 0, 0, 0, 0]"
ë¬´ê²Œê¹Œì§€ ê°€ë²¼ì›Œì¡Œì–´ìš”!!,"[1, 0, 0, 0, 0]"
ì¸¡ì •ê°’ì„ 100ê°œê¹Œì§€ ê¸°ë¡í•  ìˆ˜ ìžˆì–´ ê´€ë¦¬í•˜ê¸°ë„ ì‰½ë‹µë‹ˆë‹¤^^,"[1, 0, 0, 0, 0]"
íœ´ëŒ€í•˜ê¸° ì¢‹ì€ ì‚¬ì´ì¦ˆì¸ #ë¯¸ë‹ˆê³ ë°ê¸°,"[1, 0, 0, 0, 0]"
íœ´ëŒ€í•˜ê¸°ë„ ë”± ì¢‹ì€ ì‚¬ì´ì¦ˆë¡œ íŒŒìš°ì¹˜ì— ì™~,"[1, 0, 0, 0, 0]"
í•œ ë²ˆ ì‚¬ìš©í•˜ë©´ 14ì¼ê°„ ì§€ì† ê°€ì„±ë¹„ ê°‘ #ëŒ•ê¸°ë¨¸ë¦¬ í—¤ì–´ìº¡,"[0, 0, 0, 1, 0]"
ì•„ì´ë“¤ì´ ì¢‹ì•„í•˜ëŠ” #í”„ë¦¬íŒŒë¼ ìºë¦­í„°ë¡œ ì•„ì´ë“¤ ì·¨í–¥ì €ê²©!!,"[0, 1, 0, 0, 0]"
ì–´ì©œ í•˜ë‚˜í•˜ë‚˜ ì´ë ‡ê²Œ ì˜ˆìœì§€ìš”~,"[0, 1, 0, 0, 0]"
ë§¤ì¼ ê·€ê±¸ì´ ë°”ê¿”ê°€ë©° ì™¸ì¶œí•˜ëŠ” ì¦ê±°ì›€ ëŒ€ë°•!!,"[0, 0, 0, 0, 1]"
ì—¬ëŸ¬ë»” ë¹¨ì•„ì¨ì„œ ê²½ì œì ì´ê³  ë§¤ì¼ ë°”ê¿”ì“°ë‹ˆ ìœ„ìƒì ì´ê³ ~ðŸ‘ðŸ‘,"[0, 0, 0, 1, 0]"
ì¼€ì´ìŠ¤ë„ ë„˜ ê·€ì—½ê³  ì˜ˆë»ì„œ ì™¸ì¶œì‹œ íœ´ëŒ€ìš©ìœ¼ë¡œë„ êµ¿~!!,"[0, 1, 0, 0, 0]"
ì‹íƒ ìœ„ì˜ ë¶„ìœ„ê¸°ë¥¼ ë°ê³  ì˜ˆì˜ê²Œ í•´ì£¼ëŠ” #ë¶ìœ ëŸ½í’ì‹ê¸°,"[0, 1, 0, 0, 0]"
ê³ ê¸‰ìŠ¤ëŸ¬ìš´ #ê³¨ë“œë§ˆë¸” ì ‘ì‹œë¥¼ êµ¬ìž…í–ˆì–´ìš”.,"[0, 1, 0, 0, 0]"
ì‹ê¸°ê°€ ì˜ˆì˜ë‹ˆ #í™ˆì¹´íŽ˜ ë¶„ìœ„ê¸° ì˜¤ì§€ê³ ~,"[0, 1, 0, 0, 0]"
#ê°ì§ˆì œê±° ë§¤ë²ˆ ê·€ì°®ì€ë° #ë‹¦í†  ë¡œ íŽ¸í•˜ê²Œ ì‚¬ìš©í•  ìˆ˜ ìžˆëŠ” #ê°€ì§€ë°ì¼ë¦¬bhaí† ë„ˆ,"[1, 0, 0, 0, 0]"
ì—°ì˜ˆì¸ &name&ê°€ ì¶”ì²œí•  ë§Œí¼ ë¯¿ì„ ìˆ˜ ìžˆëŠ” ì¿ ì…˜ì´ì—ìš©,"[0, 0, 1, 0, 0]"
ì¼ë‹¨ ì»¤ì„œ ì¢‹ë‹¹ ã…Žã…Žã…Ž,"[0, 1, 0, 0, 0]"
#í™”ë³‘ ë„ˆë¬´ ê·€ì—¬ì›€,"[0, 1, 0, 0, 0]"
ì‚¬ì§„ì—ëŠ” ì•ˆì°í˜”ì§€ë§Œ í‹´ì¼€ì´ìŠ¤ë„ ì´ìœ ê²Œìž„^^,"[0, 1, 0, 0, 0]"
ìš”ì¦˜ í•«í•œ #ê²¨ìš¸ìˆ˜ë¶„í¬ë¦¼ìœ¼ë¡œ ì¸ê¸°ëª°ì´ ì¤‘ì´ë¼ëŠ”ë° ì €ë§Œ ëŠ¦ê²Œ ì•Œì•˜ì§€ëª¨ì—ìš”,"[0, 0, 1, 0, 0]"
ë¦´ë¦¬ìœ  ë¬¼í‹°ìŠˆ ì˜¤í”ˆí•˜ìžë§ˆìž í•‘í¬í•‘í¬ì— ê´œì‹œë¦¬ ê¸°ë¶„ì¢‹ì•„ì§€ë„¤ìš”,"[0, 1, 0, 0, 0]"
ë¬¼í‹°ìŠˆì— ë‚˜ë­‡ìžŽëª¨ì–‘ì„ ë³´ê³  í•˜ë‚˜í•˜ë‚˜ì— ì‹ ê²½ì“´ê²Œ ë³´ì´ëŠ”ëŠë‚Œ,"[0, 1, 0, 0, 0]"
ì•„ì¹¨ì— ì¼ì–´ë‚˜ìžë§ˆìž ë¬¼í‹°ìŠˆì²˜ëŸ¼ ë½‘ì•„ì„œ ì‚¬ìš©í•˜ëŠ” #SOSë§ˆìŠ¤í¬íŒ© ì„ 60ì´ˆë§Œ ì˜¬ë ¤ë‘ëŠ”ë° ë„˜ ê°„íŽ¸í•˜ê³  ì¢‹ì•„ìš”,"[1, 0, 0, 0, 0]"
ê°œë³„ í¬ìž¥ë˜ì–´ìžˆëŠ” íŒ©ì€ ì—¬í–‰ê°ˆë•Œ ì±™ê²¨ë‹¤ë‹ˆê¸° ë”±!!!,"[1, 0, 0, 0, 0]"
ë§˜ì—ë“œëŠ” í•‘ì¿ í•‘ì¿ ,"[0, 1, 0, 0, 0]"
ì—­ì‹œ ìž…ì†Œë¬¸ ë‚œ ì´ìœ ê°€ ìžˆì—ˆë„¤ìš”^^,"[0, 0, 1, 0, 0]"
8ê°€ì§€ ì‹œë¦¬ì¦ˆë¼ ê¸°ë¶„ì— ë”°ë¼ ê³¨ë¼ ì‚¬ìš©í• ìˆ˜ ìžˆìœ¼ë©° ë‘ê°€ì§€ ì¡°í•©í•˜ë©´ ë˜ë‹¤ë¥¸ í–¥ìœ¼ë¡œ ì‚¬ìš©ì´ ê°€ëŠ¥í•˜ë‹ˆ ì™„ì „ ë§ˆìŒì— ë“¤ì–´ ì¶”ì²œí•©ë‹ˆë‹¤^^,"[0, 0, 0, 0, 1]"
ì¹œí™˜ê²½ì ì´ê³  ë°˜ì˜êµ¬ì ì´ë¼ í™”í•™ì ì¸ ì„±ë¶„ ê±±ì •ì—†ì´ ê²½ì œì ìœ¼ë¡œ ì‚¬ìš©í•  ìˆ˜ ìžˆì–´ ìžê¸° ëª¸ì„ ì†Œì¤‘ížˆ ì—¬ê¸°ëŠ” ì—¬ì„±ë“¤ì—ê²Œ ê°ê´‘ì„ ë°›ê³  ìžˆëŠ”ë°ìš”,"[0, 0, 0, 1, 0]"
"ì „ ìºë‚˜ë‹¤ì—ì„œ ë§Œë“  ì„¸ê³„íŒë§¤ 1ìœ„ ì œí’ˆì¸ #ë””ë°”ì»µ ì„ ì§êµ¬í•´ì„œ ì‚¬ìš©í•˜ê³  ìžˆì—ˆëŠ”ë° ìµœëŒ€ 12ì‹œê°„ë™ì•ˆ ì–´ë–¤ í™œë™ì„ í•´ë„ ìƒ˜ ê±±ì •ì—†ì´ ì°©ìš©ì´ ê°€ëŠ¥í•˜ê³  ë¼í…ìŠ¤ í”„ë¦¬, BPA-í”„ë¦¬, í”Œë¼ìŠ¤í‹±ì œë¡œ, í™”í•™í”„ë¦¬, ë¬´ìƒ‰, 100% healthcare-grade ì‹¤ë¦¬ì½˜ìœ¼ë¡œ ì œìž‘í•˜ì—¬ ì•ˆì‹¬í•˜ê³  ì‚¬ìš©ì¤‘ì´ëžë‹ˆë‹¤.","[0, 0, 1, 0, 0]"
#ë ˆê³ 60174ìˆ²ì†ê²½ì°°ë³¸ë¶€ êµ¬ìž…í•´ ì™”ëŠ”ë° 20% í• ì¸ í–‰ì‚¬ë„ ì§„í–‰ì¤‘ì´ë¼ ì™„ì „ ì €ë ´í•˜ê²Œ êµ¬ìž…í•œ ê±° ìžˆì£ ,"[0, 0, 0, 1, 0]"
ì—­ì‹œ #ì˜¬ë¦¬ë¸Œì˜ 1ìœ„ #ë§ˆìŠ¤í¬íŒ© ë‹µê²Œ ì—ì„¼ìŠ¤ ë“¬ë¿~,"[0, 0, 1, 0, 0]"
#ë²¤íƒ€ ì œí’ˆì€ ì›Œë‚™ ì¢‹ë‹¤ê³  ìž…ì†Œë¬¸ì´ ë‚œ í„°ë¼ ë¯¿ê³  ì‚¬ìš©í•˜ëŠ”ë° ì—­ì‹œ ì§ì ‘ ì‚¬ìš©í•´ ë³´ë‹ˆ ë”ìš±ë” ë§Œì¡±ìŠ¤ëŸ½ë„¤ìš”â™¡â™¡,"[0, 0, 1, 0, 0]"
ì—ì–´ì›Œì…” ì‚¬ìš© ì¤‘ ê°€ìž¥ ë¶ˆíŽ¸í–ˆë˜ê²Œ ì„¸ì²™ë¶€ë¶„ì´ì—ˆëŠ”ë° ë²¤íƒ€ì—ì–´ì›Œì…”ëŠ” ì›í„°ì¹˜ í´ë¦¬ë‹ ì‹œìŠ¤í…œì´ë¼ ì„¸ì²™ë„ ê°„íŽ¸í•˜ê³  ìžì—°ê¸°í™”ê°€ìŠµ ë°©ì‹ìœ¼ë¡œ ì•ˆì „í•˜ê²Œ ì‚¬ìš©í•  ìˆ˜ ìžˆì–´ ë„ˆë¬´ ì¢‹ë„¤ìš”,"[1, 0, 0, 0, 0]"
ì„¸ìƒì—ì„œ ê°€ìž¥ ì˜ˆìœ ì‚¬ê³¼ #ì¼€ì–´í“¨ ë§ˆìŠ¤í¬íŒ© #ê¸ˆì‚¬ê³¼íŒ© ìœ¼ë¡œìš”,"[0, 1, 0, 0, 0]"
ë™ê·¸ëž€êµ¬í˜•ì˜ Easy Hands Free ìš©ê¸° ë¡œ ë˜ì–´ ìžˆì–´ ì–¼êµ´ ê³³ê³³ ê³ ë¥´ê²Œ ë°”ë¥¼ìˆ˜ ìžˆì–´ìš”~,"[1, 0, 0, 0, 0]"
ì†ì— ë¬»ížˆì§€ ì•Šì•„ë„ ë˜ê³  ìžì™¸ì„ ì°¨ë‹¨ í†¤ì—…ê¹Œì§€ ì±™ê¸°ìžêµ¬ìš”~,"[1, 0, 0, 0, 0]"
ì „ì„¸ê³„45ê°œêµ­ì˜ ì—¬ì„±ë“¤ì—ê²Œ ì‚¬ëž‘ë°›ê³  ìžˆëŠ” ë¯¸êµ­íŒë§¤1ìœ„,"[0, 0, 1, 0, 0]"
ê°„íŽ¸í•˜ê²Œ #ì˜¬ì¸ì›í¬ë¦¼ ìœ¼ë¡œ ê´€ë¦¬í•˜ëŠ” ì—¬ìž,"[1, 0, 0, 0, 0]"
ê°„íŽ¸í•˜ê²Œ ì§œì„œ ì“°ëŠ”ê±°ë¼ íŽ¸í•´ìš”,"[1, 0, 0, 0, 0]"
"ê°ˆë¼ì§€ëŠ” ë°œ, ìœ¤ê¸°ì—†ëŠ”ëª¸, í‘¸ì„í•œ ë¨¸ë¦¿ê²° ë¨¸ë¦¬ë¶€í„° ë°œëê¹Œì§€ ì‚¬ìš©ê°€ëŠ¥!","[1, 0, 0, 0, 0]"
ì‹¤í‚¤ì„¸ëŸ¼3ì¢… ì˜¤ì¼ì˜ ë¬´ê²Œê°ë„ ë‹¤ë¥´ê³  í–¥ë„ ë‹¤ ë‹¬ë¼ìš”~,"[0, 0, 0, 0, 1]"
í”¼ë¶€ì—ë”°ë¼ ê³¨ë¼ì“°ê¸° ì¢‹ì€ #ë§ˆìŠ¤í¬íŒ©,"[0, 0, 0, 0, 1]"
í˜„ìž¬ ì™€ë””ì¦ˆíŽ€ë”©ì—ì„œ í˜œíƒ 1ê°œê°€ê²©ì— 3ê°œ ë“í…œ! ì˜¤í˜¸ ~,"[0, 0, 0, 1, 0]"
êº„~ ì™„ì „ ê·€ì—¬ì›Œ,"[0, 1, 0, 0, 0]"
ë‚´ê°€ì¢‹ì•„í•˜ëŠ” íœ´ëŒ€ê°€ íŽ¸ë¦¬í•œ ì»´íŒ©íŠ¸í•œ ì‚¬ì´ì¦ˆ,"[1, 0, 0, 0, 0]"
ê°„ë‹¨í•˜ì£ ?^^,"[1, 0, 0, 0, 0]"
LEDì¡°ëª…ìœ¼ë¡œ ì°¨ì•ˆì—ì„œë„ ë°¤ì—ë„ ë©”ì´í¬ì—…í•˜ê¸° ìˆ˜ì •í•˜ê¸° íŽ¸í•˜ë„¤ìš”,"[1, 0, 0, 0, 0]"
ë“€ì–¼ì¿ ì…˜ìœ¼ë¡œ í•˜ë‚˜ë§Œ ê°€ì§€ê³  ë‹¤ë‹ˆë©´ ë˜ì§€ìš”,"[1, 0, 0, 0, 0]"
ê°€ë°©ì— ì˜ì˜¥ ë„£ì–´ ì±™ê²¨ë‹¤ë‹ˆê¸°ì—ë„ êµ¿êµ¿ ì¢‹ì§€ìš”,"[1, 0, 0, 0, 0]"
#1ì¼1íŒ© ì–´ë µì§€ ì•Šì•„ìš”,"[1, 0, 0, 0, 0]"
ì…€ëŸ½ &name&ì”¨ë„ ì• ì •í•œë‹¤ëŠ” #ë‹¬ë°”,"[0, 0, 1, 0, 0]"
ê°€ë°©ì— ë„£ê³  ë‹¤ë‹ˆë©° í•„ìš”í• ë•Œ ì—¬í–‰ê°ˆë•Œ ì±™ê²¨ê°€ì„œ ë¿Œë ¤ì£¼ê¸° ì¢‹ì•„ìš”~ðŸ¤©,"[1, 0, 0, 0, 0]"
íƒ€ì´íŠ¸í•œ ì˜·ì„ ìž…ì„ë•Œ ì˜· í• ìž¡ì•„ì£¼ê³  ë¯¸ë‹ˆìŠ¤ì»¤íŠ¸ ì°©ìš©ížˆ ì†ë°”ì§€ ëŒ€ìš© ìœ¼ë¡œ ìž…ì„ìˆ˜ ìžˆì–´ êµ¿êµ¿!,"[1, 0, 0, 0, 0]"
ì–¼êµ´ì€ ë¬¼ë¡  ë°”ë””ê¹Œì§€~,"[1, 0, 0, 0, 0]"
ê¹Šì€ ë³´ìŠµê°ì— í”¼ë¶€ì§„ì • ë¯¸ë°±ê¹Œì§€ í•˜ë‚˜ë¡œ ê´€ë¦¬ê°€ ë˜ë‹ˆ ê°„íŽ¸í•˜êµ¬ë§Œ~,"[1, 0, 0, 0, 0]"
3ê°œì›”ë¶€í„° 5ì‚´ê¹Œì§€ ì‚¬ìš©í• ìˆ˜ìžˆëŠ” ê°€ì„±ë¹„ ê°‘ ë²”ë³´ì˜ìžì—ìš”,"[0, 0, 0, 1, 0]"
"ì–´ë””ì„œë‚˜ ì˜ìž, ì‹íƒì˜ìžì— ìž¥ì°©ì´ ê°€ëŠ¥í•´ì„œ ì¢‹ì•„ìš”","[1, 0, 0, 0, 0]"
ë³„ë„ì˜ ì‹íƒì˜ìž êµ¬ë§¤ í•„ìš”ì—†ì´ ì‚¬ìš© ê°€ëŠ¥í•˜ë‹ˆ ê°€ì„±ë¹„ ë˜í•œ ìµœê³ ì—ìš”ðŸ‘ðŸ»,"[0, 0, 0, 1, 0]"
ê·€ì—¬ìš´ ë³‘ì•„ë¦¬ ëª¨ì–‘ì´ë¼ ë„˜ë‚˜ ì¢‹ì•„í•˜ë„¤ìš”,"[0, 1, 0, 0, 0]"
í•‘í¬í ìºë¦­í„° íŒ¨í‚¤ì§€ë¡œ ì•„ì´ë“¤ì´ ë¨¼ì € ì† ì”»ê³  ì‹¶ê²Œ í•˜ëŠ” í•‘í¬í í•¸ë“œì›Œì‹œ ë°œê²¬ðŸ˜ðŸ˜,"[0, 1, 0, 0, 0]"
ë„˜ë‚˜ê·€ì—½êµ¬ìš”,"[0, 1, 0, 0, 0]"
ë””ìžì¸ë„ ë¶ìœ ëŸ½í’ì— êµ°ë”ë”ê¸°ì—†ì–´ìš”~,"[0, 1, 0, 0, 0]"
ì‚¬ìš©í•˜ê¸° ê°„íŽ¸í•œ íŠœë¸Œíƒ€ìž… #ì„ ë² ì´ìŠ¤,"[1, 0, 0, 0, 0]"
"ë§¤ì¼ íŒ©í•˜ëŠ” ê²ƒë„ ë¯¸ë£¨ëŠ” ì™• ê·€ì°¨ë‹ˆì¦˜ì˜ ì €ë„! í”„ë¼ì—˜ì€ ê°„íŽ¸í•˜ê³ , ë˜ íš¨ê³¼ê°€ ëˆˆì— ë³´ì´ë‹ˆ ë§¤ì¼ í•˜ê²Œ ë˜ë”ë¼ê³ ìš”!","[1, 0, 0, 0, 0]"
ì§€ë² ë¥´ë‹ˆ íŒŒë° ë„˜ë„˜ ìœ ëª…í•˜ìžë‚˜ìš”ðŸ’•,"[0, 0, 1, 0, 0]"
íŽ¸í•˜ê³  ë¹¨ë¼ì„œ ì¢‹ìŠµë‹ˆë‹¹,"[1, 0, 0, 0, 0]"
ë©‹ìŠ¤ëŸ¬ìš´ ë””ìžì¸ê³¼ ì „ìžíŒŒ ì°¨ë‹¨ê¸°ëŠ¥ê¹Œì§€ã…‹ã…‹ã…‹,"[0, 1, 0, 0, 0]"
ìŠ¤í”„ë ˆì´ íƒ€ìž…ìœ¼ë¡œ ê±´ì¡°í•œ ê³³! ì–´ë””ë“  ìŠ‰ìŠ‰ ~~ ë¿Œë ¤ì£¼ê¸°ë§Œ í•˜ë‹ˆ ë„ˆë¬´ íŽ¸í•¨ðŸ‘,"[1, 0, 0, 0, 0]"
"#ëˆ…ìŠ¤ #ë¦¬ì¹˜ì˜¤ì¼ ì“´ ë’¤ë¡œëŠ” ì•„ì¹¨ì— ì´ê²ƒì €ê²ƒ ë°”ë¥´ì§€ ì•Šê³ , ë¯¸ìŠ¤íŠ¸ ìŠ‰ìŠ‰ ë¿Œë ¤ì¤€ ë’¤ ëˆ…ìŠ¤ ë°œë¼ì£¼ê³  ìžˆì–´ìš”ðŸ’•","[1, 0, 0, 0, 0]"
ë¸”ë§ë¸”ë§ ê³ ê¸‰ì§„ ê³¨ë“œë¹› ì¼€ì´ìŠ¤,"[0, 1, 0, 0, 0]"
ì¶œì‹œí•˜ìžë§ˆìž ì™„ì „ í•«í•˜ì£ ,"[0, 0, 1, 0, 0]"
ìœ ëª…í…œì€ ì´ìœ ê°€ ìžˆë„¤ìš” â™¥ï¸,"[0, 0, 1, 0, 0]"
ê³¨ë“œì²´ì¸ì´ ë‹¬ë¦° ì•…ì„¸ì‚¬ë¦¬ ê°™ì€ #íƒ¬ë²„ë¦°ì¦ˆ #ëˆ„ë“œì—ì´ì¹˜ì•¤ë“œí¬ë¦¼ â™¥ï¸,"[0, 1, 0, 0, 0]"
ì¡´ìŠ¨ì¦ˆí•˜ë©´ ë– ì˜¤ë¥´ëŠ” ë² ì´ë¹„ íŒŒìš°ë” í–¥ì˜ #í•‘í¬ë¡œì…˜ ê³¼ ì—°ë³´ë¼ìƒ‰ #ë² ë“œíƒ€ìž„ë¡œì…˜ íŒŒìŠ¤í…”í†¤ì˜ NEW #ì¡´ìŠ¨ì¦ˆ íŒ¨í‚¤ì§€ê°€ ì˜ˆì˜ë”ë¼ê³ ìš”~,"[0, 1, 0, 0, 0]"
ì›Œë‚™ ìœ ëª…í•œ ë¸Œëžœë“œ^^,"[0, 0, 1, 0, 0]"
ìœ ëª…í•œ ê±´ ì´ìœ ê°€ ë‹¤ ìžˆëŠ” ë²•!,"[0, 0, 1, 0, 0]"
í™”ì‚¬í•˜ë‹ˆ ì§‘ì•ˆ ë¶„ìœ„ê¸°ê°€ ì‚¬ë„¤?!,"[0, 1, 0, 0, 0]"
ê°€ê²© ë¶€ë‹´ë„ ì—†ì–´ì„œ ì„ ë¬¼í•˜ê¸°ì—ë„ ì¢‹ì€ #ì•„ë¯¸ì†ë¹„ëˆ„ ^^,"[0, 0, 0, 1, 0]"
"ì´ë¦„ì€ `ë§ˆíƒ€ë„ì–´ í¬ì¼“ë¸”ëž­í‚· ì˜¤ì…˜` ì´ì§€ë§Œ ë¸”ëž­í‚·ë¿ ì•„ë‹ˆë¼ ë—ìžë¦¬, ìº í•‘ë§¤íŠ¸, ìš°ì˜, ë®ê²Œ, ë‹´ìš” ë“± ë‹¤ì–‘í•˜ê²Œ í™œìš©í•  ìˆ˜ ìžˆëŠ” ìš”ê¸´í•œ ì œí’ˆì¸ë°ìš”~!","[0, 0, 0, 0, 1]"
"ê±°ê¸°ì— ì´ ë°”ë‹¤ ë””ìžì¸ì€ ë°”ë‹¤ê°ˆ ë•Œ, ë‚˜ë“¤ì´ê°ˆ ë•Œ ê°€ì§€ê³  ê°€ê¸° ë„˜ë‚˜ ì‚¬ëž‘ìŠ¤ëŸ¬ìš´ ë¹„ì¥¬ì–¼ì´ì—ìš” >_<","[0, 1, 0, 0, 0]"
ë¬´ê²Œê°€ ë¬´ë ¤ 108gë°–ì— ë˜ì§€ ì•Šê³  í¬ê¸°ëŠ” ìŠ¤ë§ˆíŠ¸í° ì‚¬ì´ì¦ˆë§Œí•˜ë‹ˆ í‰ì†Œì—ë„ ê°€ì§€ê³  ë‹¤ë‹ˆê¸° ë”±ì´ì£ ?!,"[1, 0, 0, 0, 0]"
íŠ¹ížˆ sns í•˜ëŠ” ë¶„ë“¤ì—ê²Œ ìš”ë¡  ê±° í•˜ë‚˜ ìžˆìœ¼ë©´ ì‚¬ì§„ë‘ ê¸°ê°€ë§‰ížˆê²Œ ë‚˜ì™€ìœ ~~,"[0, 1, 0, 0, 0]"
ê·¸ëž˜ì„œ ì €ë„ íŽ¸í•˜ê²Œ ì‚¬ì§„ì°ê³  ì‹¶ì–´ì„œ ë“¤ì¸ #ì‚¼ê°ëŒ€ #ë¹„ì†Œ BS-304 + ë¦¬ì½”ì½˜,"[1, 0, 0, 0, 0]"
#ìŠ¤ë§ˆíŠ¸í°ì‚¼ê°ëŒ€ ì¤‘ì— êµ­ë¯¼ì‚¼ê°ëŒ€ ë¼ ë¶ˆë¦¬ëŠ” ìœ ëª…í•œ ì‚¼ê°ëŒ€ëžë‹ˆë‹¤!,"[0, 0, 1, 0, 0]"
ì†í†± ì‚¬ì´ì¦ˆì— ë§žì¶° ì„ íƒ í›„ ë²„í¼ë¡œ ê¸ìœ¼ë©´ ìƒ¤ìƒ¤ìƒ¥ ë¶™ëŠ” 5ë¶„ ë„¤ì¼ì•„íŠ¸â™¥,"[1, 0, 0, 0, 0]"
"ë¸”ëž™ì„ ì¢‹ì•„í•˜ëŠ” ë‚´ê°€ ì„ íƒí•œ ë””ìžì¸,","[0, 1, 0, 0, 0]"
ì—¬ëŸ¬ê°€ì§€ ë°”ë¥¼ í•„ìš”ì—†ì´ ì´ê±° í•˜ë‚˜ë©´ OK,"[1, 0, 0, 0, 0]"
ì˜¬ì¸ì›ì´ë¼ íŽ¸í•´ìš”,"[1, 0, 0, 0, 0]"
ë””ì¦ˆë‹ˆì¿ ì…˜íŒ©íŠ¸ ì™„ì „ ê·€ì—½ë‹¤...â˜º,"[0, 1, 0, 0, 0]"
ê·¸ ìœ ëª…í•˜ë‹¤ëŠ” ì•„ì´ë¡œì…˜ê³„ì˜ sk2,"[0, 0, 1, 0, 0]"
#ì˜ˆì˜ë‹¤ ðŸ’Ž,"[0, 1, 0, 0, 0]"
ë§ˆë¯¸ê°€ ë¬¼ë¡œ ë°ë ¤ë§ˆì‹œëŠ” ìš°ìŠ¬ì´ˆ ë¿Œë¦¬ ì„¸ì²™ë„ ê°„íŽ¸í•´ì„œ ë§Œì¡±í•˜ì‹œëŠ” ðŸ˜,"[1, 0, 0, 0, 0]"
íœ´ëŒ€í•˜ê¸° ë”± ì¢‹ì€ ì‚¬ì´ì¦ˆë¼ ì§€ê°‘ì— ì™!,"[1, 0, 0, 0, 0]"
ì•„ì¹¨ì— í•˜ë‚˜ ë½‘ì•„ì„œ #only 60ì´ˆ íˆ¬ìž!,"[1, 0, 0, 0, 0]"
"ìš•ì‹¤, ë‹¤ìš©ë„ì‹¤,ë°œì½”ë‹ˆ ë“± ë‹¤ì–‘í•œê³³ì—ì„œ ì‚¬ìš©ê°€ëŠ¥í•˜ë‹ˆðŸ‘","[1, 0, 0, 0, 0]"
ì²˜ìŒì—” ë°˜ì‹ ë°˜ì˜í•˜ë©° ì´ê²Œ íš¨ê³¼ìžˆë‚˜?í–ˆëŠ”ë° í—ˆë¦¬ì™€ ëª©ì˜ ë¶€ë‹´ì„ ê°ì†Œí•´ì¤˜ì„œ ë„˜ íŽ¸í•´ìš”,"[1, 0, 0, 0, 0]"
ì¶œì‹œ 3ê°œì›”ë§Œì— 10ë§Œê°œ ì´ìƒ íŒë§¤ëœ í•«í•œ ì œí’ˆ !,"[0, 0, 1, 0, 0]"
1+1 ê°ì‚¬ ì´ë²¤íŠ¸ í•œë‹¤ë‹ˆ ì§€ê¸ˆì´ êµ¬ë§¤ì°¬ìŠ¤,"[0, 0, 0, 1, 0]"
ê±°ë­‡ê±°ë­‡ ë‚´ í”¼ë¶€ë¥¼ ìœ„í•´ ì™„ì£¤ í•«í•œ ë¸”ëž™ì•„ì›ƒ ë¯¸ë°±í¬ë¦¼ ì‚¬ìš©ì¤‘!!,"[0, 0, 1, 0, 0]"
ê±°ë­‡ê±°ë­‡ í•œ ë‚´ í”¼ë¶€ë¥¼ ìœ„í•´ ì‚¬ìš©ì¤‘ì¸ #ê²Ÿìž‡ë·°í‹°&name&ë¯¸ë°±í¬ë¦¼ ìœ¼ë¡œ í•«í•œ #ë¸”ëž™ìƒ·í”„ë¦¬ë¯¸ì—„ #ë¯¸ë°±í¬ë¦¼,"[0, 0, 1, 0, 0]"
"ì´‰ì´‰í•˜ê³  ëˆì ì´ì§€ ì•Šì•„ í”¼ë¶€ì— ì˜ì˜¥~ ìž˜ íŽ´ë°œë¼ì§€ê³ ,, ì–¼êµ´ë¿ ì•„ë‹ˆë¼ ë°”ë””ì—ë„ ë°”ë¥¼ ìˆ˜ìžˆì–´ ì‹¤ìš©ì„±ë„ ì¢‹ìŸˆë‚˜~~","[1, 0, 0, 0, 0]"
ë‚ ì´ ë§Žì´ ì¢‹ì•„ì ¸ì„œ ì„ ë¬¼ ë°›ì•˜ë˜ ìš°ë¦¬ #ì•„ê¸°ì´ë¶ˆ #ë¦¬í‹€ìœ ë‹ˆì½˜ #í€¼íŠ¸ë¸”ëž­í‚· êº¼ë‚´ì„œ #ë‚®ìž ì´ë¶ˆ ë¡œ ë®ì–´ ì£¼ì—ˆë”ë‹ˆ ì„¸ìƒ ë„ˆë¬´ íŽ¸í•´ ë³´ì´ê³  ë„ˆë¬´ ì˜ˆì˜ë‹¤ëŠ¥!!,"[1, 1, 0, 0, 0]"
ìŠ¤í‹±í˜•ì´ë¼ ì‚¬ìš©ë„íŽ¸í•˜ê³  ì˜¤ëž˜ì“¸ìˆ˜ìžˆì–´ ìŠˆí¼ê·¸ë¤ ìž‡~ðŸ‘,"[1, 0, 0, 0, 0]"
"ë°€ì°©ê°ì´ ì¢‹ì•„ ëª¸ë§¤ë¥¼ ìž¡ì•„ì¤„ ë¿ ì•„ë‹ˆë¼ ë¬¼ì†ì—ì„œ íŽ¸í•˜ê²Œ ì›€ì§ì¼ ìˆ˜ ìžˆê³  ìˆ˜ê²½, ìˆ˜ëª¨, ì—¬ì„±, ë‚¨ì„±, ì•„ë™ ìˆ˜ì˜ë³µ, ëž˜ì‰¬ê°€ë“œ ê°€ ìžˆì–´ ì›í•˜ëŠ” ì¢…ë¥˜ ì„ íƒì˜ í­ì´ ë„“ì–´ ì¢‹ë‹¤ëŠ¥!!","[1, 0, 0, 0, 1]"
#ë¯¼ê°í”¼ë¶€ ì¸ ì €ë„ ìœ ê¸°ë†ìˆœë©´ì»¤ë²„ë¡œ ìžê·¹ì´ ì—†ì–´ì„œ ë¶ˆíŽ¸í•¨ì´ ì¤„ì—ˆì–´ìš”,"[1, 0, 0, 0, 0]"
ì²­ë°”ì§€ì— ìž˜ì–´ìš¸ë¦¬ëŠ” ë°œì´íŽ¸í•œ #ì–¸ì½”ë¦¬ #ìŠ¤ë‹ˆì»¤ì¦ˆ!!,"[1, 1, 0, 0, 0]"
ëšœê»‘ì€ ë²„íŠ¼ì„ ëˆŒëŸ¬ ì›í„°ì¹˜ë¡œ ì—´ìˆ˜ìžˆì–´ íŽ¸í•˜ê³  ìŠ¤ì¿ ì•Œëž€í•¨ìœ ë¡œ ë”ìš± ì´‰ì´‰í•˜ê³  ë³´ìŠµê³¼ ì§„ì •íš¨ê³¼ê°€ ì¢‹ì€ í¬ë¦¼!!,"[1, 0, 0, 0, 0]"
"ë¯¸ë°±ì£¼ë¦„ê°œì„ , ìžì™¸ì„ ì°¨ë‹¨(SPF50+,PA+++), ë©”ì´í¬ì—…ë² ì´ìŠ¤, í”„ë¼ì´ë¨¸, í”¼ë¶€ë³´ìŠµ ì´ ìš” í†¤ì—…í¬ë¦¼ í•˜ë‚˜ë¡œ í•œë²ˆì— ê°€ëŠ¥í•œ #í•‘í¬í„°ì¹˜ #ì˜¬ì¸ì›í†¤ì—…í¬ë¦¼","[1, 0, 0, 0, 0]"
"ë©”ì´í¬ì—…ë² ì´ìŠ¤ ê¸°ëŠ¥ì´ í•¨ìœ ë˜ì–´ ìžˆì–´ ë©”ì´í¬ì—…ì „ ë§¤ëˆí•œ í”¼ë¶€ê²° í‘œí˜„ë„ ê°€ëŠ¥í•˜ê²Œ í•´ì£¼ê³ , íŒŒìš´ë°ì´ì…˜ê³¼ í†¤ì—…í¬ë¦¼ì„ ë¯¹ìŠ¤í•´ í†¤ë³´ì •, ë¦½ìŠ¤í‹±ì´ëž‘ í†¤ì—…í¬ë¦¼ê³¼ ë¯¹ìŠ¤í•´ì„œ ë³¼í„°ì¹˜ë¡œë„ ì‚¬ìš©ê°€ëŠ¥í•˜ë‹ˆ í™œìš©ì„± ìµì˜¤!!","[1, 0, 0, 0, 0]"
"ì»µí™€ë”ì— íŠ¸ë ˆì´ê¹Œì§€ ì—°ê²°í•´ì„œ ì‚¬ìš©ê°€ëŠ¥í•´ í•¸ë“œí°ì´ë‚˜ ì•„ê¸°ë¹¨ëŒ€ì»µ, ì—„ë§ˆ ì»¤í”¼ë‚˜ ìŒë£Œê¹Œì§€ ê°™ì´ ë³´ê´€í• ìˆ˜ ìžˆì–´ ë„˜ë‚˜ ì¢‹ì€ê²ƒ!!","[1, 0, 0, 0, 0]"
"íƒ‘ì…€ëŸ½, ì—¬ë°°ìš°ë“¤ì˜ ê³ ë°ê¸° ì‚¬ìš© ë° ìž¦ì€ í—¤ì–´ì»¬ëŸ¬ ì²´ì¸ì§€ ë“±ìœ¼ë¡œ ê·¹ì†ìƒëœ ëª¨ë°œì„ ë¹ ë¥´ê²Œ íšŒë³µì‹œí‚¤ê¸° ìœ„í•´ ê³„ë°œëœ ì œí’ˆìœ¼ë¡œ &name&, &name&, &name& ë“± íƒ‘ì—¬ë°°ìš°ë“¤ì´ ì²­ë‹´ ì´í¬ ë„ì‚°íŒŒí¬ ì‚´ë¡±ì—ì„œ ì‹¤ì œ ì¼€ì–´ ë°›ì„ ë•Œ ì‚¬ìš©í•˜ëŠ” #ì´í¬íŠ¸ë¦¬íŠ¸ë¨¼íŠ¸","[0, 0, 1, 0, 0]"
"IH ë°¥ì†¥ê³¼ ì¸ë•ì…˜ì„ í•©ì³ ë²Œì¨ 1300ë§ŒëŒ€ê°€ íŒ”ë ¸ë‹¤ê³  í•˜ë‹ˆ, ë§Žì€ ì‚¬ëžŒë“¤ì´ ì„ íƒ í•œ ê±´ ê·¸ë§Œí•œ ì´ìœ ê°€ ìžˆë‹¤ëŠ” ìƒê°ì´ ë“¤ì—ˆì–´ìš”ã…Žã…Ž","[0, 0, 1, 0, 0]"
ê²Œë‹¤ê°€ ë² ì ¤ì´ ì—†ëŠ” ì‹¬í”Œí•œ ìœ ëŸ½ ê°ì„±ì˜ ë””ìžì¸ì€ ë³¼ ë•Œë§ˆë‹¤ íë­‡í•˜êµ¬ìš”~,"[0, 1, 0, 0, 0]"
í˜¼ë°¥í• ë•Œë‚˜ í˜¼ìˆ í• ë•Œ ê°„íŽ¸í•˜ê²Œ êº¼ë‚´ ì‚¬ìš©í•˜ëŠ” ìž‘ì€ ìƒì´ í•„ìš”í–ˆëŠ”ë° ë‚´ê°€ ì¢‹ì•„í•˜ëŠ” í™”ì´íŠ¸ ì»¬ëŸ¬ì— ì ë‹¹í•œ ë¬´ê²Œê°ì´ë¼ ì´ê±° ì™„ì „ ë”± ë§˜ì— ë“ ë‹¤ ížˆížˆ,"[0, 1, 0, 0, 0]"
ë„¤ì¸„ëŸ´ì»¤ë²„ ë¹ ë¥´ê³  ê°„íŽ¸í•˜ê³  íŽ¸í•˜ë‹¤â™¡,"[1, 0, 0, 0, 0]"
ì•Œë¡ë‹¬ë¡ ìƒ‰ê°ë„ ì˜ˆì˜ê³  ì›ëª©ì´ë¼ ì™„ì „ ë§˜ì— ë“¦ :-),"[0, 1, 0, 0, 0]"
#ë² ì´ë¹„ëŒ ì‚¬ìš©í•˜ë‹ˆ ì›í•˜ëŠ” ë§Œí¼ì€ ìš•ì¡°ë¥¼ ì‚¬ìš©í• ìˆ˜ìžˆì–´ì„œ ê²½ì œì ì´ë„¤ìš”,"[0, 0, 0, 1, 0]"
ë‚´ í”¼ë¶€ ì»¨ë””ì…˜ì— ë§žê²Œ ì‚¬ìš©í•˜ëŠ” ì½”ìŠ¤ì•Œì—‘ìŠ¤ í•˜ì´ë“œë¦¬ì›€ 4ì¢… +_+!,"[0, 0, 0, 0, 1]"
ë¸ŒëŸ¬ì‰¬ê°€ í•¨ê»˜ ë‚´ìž¥ë˜ì–´ ìžˆì–´ì„œ ì–¸ì œ ì–´ë””ì„œë‚˜ í™”ìž¥ì„ í•  ìˆ˜ ìžˆì–´ ì§±ì§±!,"[1, 0, 0, 0, 0]"
ë…¸íŠ¸ë¶ì²˜ëŸ¼ë„ ì‚¬ìš©í•  ìˆ˜ ìžˆê³  íƒœë¸”ë¦¿ìœ¼ë¡œë„ ì‚¬ìš©í•  ìˆ˜ ìžˆê³ ~,"[1, 0, 0, 0, 0]"
ìžìœ ìžìž¬ë¡œ í™œìš©ì´ ê°€ëŠ¥í•´ì„œ ë„ˆë¬´ë„ˆë¬´ ì¢‹ë‹¤!,"[1, 0, 0, 0, 0]"
Nebo ì•±ì„ í™œìš©í•˜ë©´ ë¬¸ì„œì—ë„ í™œìš©í•  ìˆ˜ ìžˆì–´ ë„ˆë¬´ íŽ¸í•˜ë‹¤ ã…Ž_ã…Ž,"[1, 0, 0, 0, 0]"
ë¯¸ë‹ˆë°±ì´ë¼ ë¬´ê²ì§€ë„ ì•Šì€ë° ìˆ˜ë‚©ê³µê°„ë„ ë„‰ë„‰í•´ì„œ ì¹´ë©”ë¼ë„ ë“¤ì–´ê°€ê³  í™”ìž¥í’ˆë„ ë“¤ì–´ê°€ê³  í—¤ë“œì…‹ ë„£ì–´ë„ ë„‰ë„‰í–ˆë˜ ê°€ìŠ¤í†¤ë£¨ê°€ ì—¬ìžë°±íŒ©ì¶”ì²œ â˜…,"[1, 0, 0, 0, 0]"
"15,000ì›ì´ëž€ ì—„ì²­ë‚œ ê°€ì„±ë¹„ì— >_< í–¥ê¹Œì§€ ë„˜ë‚˜ ë§¤ë ¥ì ì¸ ë‹ˆì¹˜í–¥ì´ë¼ì„œ ë‚¨ì¹œ 2ê°œì£¼ê³  ì•„ë¹ 1ê°œì¤¬ë•…!!!","[0, 0, 0, 1, 0]"
ë²ˆê±°ë¡­ë‹¤ ë³´ë‹ˆ ë©€ë¦¬í•˜ê²Œ ë˜ì—ˆì—ˆëŠ”ë° ìš”ë ‡ê²Œ í•œ ë²ˆ ì“°ê¸° ì¢‹ì€ ì–‘ìœ¼ë¡œ í•œ íŒŒìš°ì¹˜ì”© íŒë§¤ë˜ê¸¸ëž˜ ë§Œë‚˜ë´¤ì–´ìš”!,"[1, 0, 0, 0, 0]"
ì¹œêµ¬êº¼ #ìž„ë¶€ë³µ ì‚¬ì£¼ë ¤ê³  ë‘˜ëŸ¬ë³´ë‹¤ #ë´„ì˜· ì‹ ìƒ ì´ìœê±° ë§Žê¸¸ëž˜ ì œê»ë„ ì§ˆë €ë„¤ìš”ðŸ˜†ðŸ˜†,"[0, 1, 0, 0, 0]"
ì´ì˜ê¸°ë„ ì´ì˜ì£µ~? ã…Ž,"[0, 1, 0, 0, 0]"
íŒ¨í‚¤ì§€ë„ ì‹¬í”Œí•˜ê³  ë”± ë‚´ê°€ ì¢‹ì•„í•˜ëŠ” í–¥ê¸°,"[0, 1, 0, 0, 0]"
"ì¢…ë¥˜ê°€ 5ê°€ì§€ë‚˜ë˜ì„œ ì¹˜ì•„, ìž‡ëª¸ ê³ ë¯¼ì´ë‚˜ ì—°ë ¹, ìƒí™©ì— ë”°ë¼ ê³¨ë¼ê³¨ë¼ðŸŽ¶","[0, 0, 0, 0, 1]"
ë””ìžì¸ë„ ë„˜ì´ì˜ê³  ì •ë§ #ì—°ë§ì„ ë¬¼ ê´œì°®ì€ ì•„ì´í…œâ™¥,"[0, 1, 0, 0, 0]"
ì´ë½€+_+,"[0, 1, 0, 0, 0]"
#ë¬´ë°©ë¶€ì œ #ì¸ê³µëˆˆë¬¼ ì´ë¼ ë Œì¦ˆ ì°©ìš©í•œ ìƒíƒœì—ì„œë„ ì‚¬ìš© ê°€ëŠ¥í•˜ê³  ê°„íŽ¸í•˜ê²Œ í•˜ë‚˜ì”© ì±™ê¸¸ ìˆ˜ ìžˆì–´ íŽ¸í•˜ë”ë¼ê³ ìš”,"[1, 0, 0, 0, 0]"
ì§ ! ìš”ì¦˜ í•«í•œ #AHC #ë ˆë“œì„¸ëŸ¼ ì €ë„ ì‚¬ìš©í•´ë´¤ì–´ìš” ðŸ˜†,"[0, 0, 1, 0, 0]"
ì˜ˆìœ #ë‹¤ì´ì¹˜ìœ ëª¨ì°¨ ì•‰ì•„ ê¸°ë¶„ ì¢‹ì•„?,"[0, 1, 0, 0, 0]"
í´ë”©ë„ ì§±ì‰½ê³  ë“¤ê³ ë‹¤ë‹ˆê¸°ë„ íŽ¸í•˜ê³  ì´ë„ˆì‹œíŠ¸ ì–‘ë©´ì´ë¼ ì—¬ë¦„ì—ë„ ì“°ê¸° ì¢‹ì€ê±° ì•ˆ ë¹„ë°€,"[1, 0, 0, 0, 0]"
#ì½œì¹´ #ìŠ¤ë‹ˆì»¤ì¦ˆ ì˜ˆì¨ ë¿œë¿œ,"[0, 1, 0, 0, 0]"
íŽ¸í•˜ê³  ê°€ë³ê³  ðŸ™Œ,"[1, 0, 0, 0, 0]"
#kolca #ì²­ë°”ì§€ì½”ë”” ì— ë„˜ë‚˜ ìž˜ ì–´ìš¸ë¦¬ëŠ”ê±° ì•„ë‹ˆë‹?,"[0, 1, 0, 0, 0]"
20g / 2000ì› #ê°€ì„±ë¹„ê°‘,"[0, 0, 0, 1, 0]"
ì´ ê°€ê²© ì‹¤í™”ëƒ ðŸ˜,"[0, 0, 0, 1, 0]"
#ê°ì§ˆì œê±° #í”¼ì§€ì œê±° ë°”ë¥´ê¸°ë§Œ í•˜ë©´ ë!,"[1, 0, 0, 0, 0]"
#ìœ ëŸ½íŒë§¤1ìœ„ ì— ê±¸ë§žê²Œ ë™ë¬¼ì„±ë¶„ì´ ì—†ê³  ì–´ë¦°ì´ë„ ì¨ë„ ë˜ëŠ” ì•ˆì „í•¨ê³¼ ë³´ìŠµë ¥,"[0, 0, 1, 0, 0]"
ë°¤ì— ìˆ˜ë©´íŒ© ëŒ€ìš©ìœ¼ë¡œ ì‚¬ìš©í•  ìˆ˜ë¶„í¬ë¦¼ ì°¾ë‹¤ê°€ í•‘í¬ë•í›„(ì˜€ëŠ”ë°) ë§ˆìŒì„ ìš¸ë¦¬ëŠ” íŒ¨í‚¤ì§€ì— ë°˜í•´ ë§ì„¤ìž„ì—†ì´ É¢á´‡á´› Ë‡Íˆáµ•Ë‡Íˆ,"[0, 1, 0, 0, 0]"
ì‚¬ìš©í•˜ë˜ #ë¹„ë¹„í¬ë¦¼ ì„ ë‹¤ ì¨ì„œ ìƒˆë¡œìš´ê±° ì°¾ì•„ë³´ë˜ ì¤‘ ë„¤ì´ë²„ì‡¼í•‘ì—ì„œ ì¸ê¸°ìˆœìœ„ 1ë“± ë¹„ë¹„ë¼ê¸¸ëž˜ ê¶ê¸ˆí•´ì„œ ë‚˜ë„ êµ¬ë§¤í•´ë´„â˜ºï¸ .,"[0, 0, 1, 0, 0]"
ì•Œê³ ë³´ë‹ˆ #ê²Ÿìž‡ë·°í‹°ë¹„ë¹„ ë¡œ ë‚˜ë¦„ ìœ ëª…í•œ ì œí’ˆì´ì—ˆë„¹ðŸ™ˆ,"[0, 0, 1, 0, 0]"
í‰ì†Œ í–¥ìˆ˜ ì¢‹ì•„ë¼ í•˜ëŠ”ë° #ì½ë´‰ #100bon ê¹”ë”í•˜ë©´ì„œ ê°ì„±ì ì¸ ì¼€ì´ìŠ¤ì— í™€ë”± ë°˜í–ˆâ£ï¸,"[0, 1, 0, 0, 0]"
"ì²­ë°”ì§€ , ìŠ¤ì»¤íŠ¸ ë‹¤ ìž˜ì–´ìš¸ë ¤ì„œ íŽ¸í•˜ê²Œ ì½”ë””í•  ìˆ˜ ìžˆì–´ìš©ã…‹","[0, 1, 0, 0, 0]"
ìš”ì¦˜ ëŒ€ì„¸ #ì”¹ëŠ”ì¹˜ì•½,"[0, 0, 1, 0, 0]"
ê°€ë°©ì— ì™ ~ íœ´ëŒ€í•˜ê¸° ì¢‹ì€ ì‚¬ì´ì¦ˆë¼ ë§˜ì— ë“¤ì–´ìš©ðŸ¤£ðŸ‘ðŸ»ðŸ‘ðŸ»,"[1, 0, 0, 0, 0]"
í™ˆì‡¼í•‘ì™„íŒ #ížë§ìš” #ì—ë¦­ìŠ¤ë„ìžê¸°,"[0, 0, 1, 0, 0]"
"ì „ìžë Œì§€ ì „ìš©ì´ë¼ ê°„íŽ¸í•˜ê³  ë¹ ë¥´ê²Œ ìš”ë¦¬í•  ìˆ˜ ìžˆê³  ê³ êµ¬ë§ˆ,ê°ìž,ì½˜ì¹˜ì¦ˆ,ë¼ë©´,ê³„ëž€ì°œ,êµ­ì¢…ë¥˜,ë“±ë“± í• ìˆ˜ ìžˆëŠ” ìš”ë¦¬ë“¤ë„ ë§Žê³  ë„ìžê¸°ë¼ì„œ ë” ê±´ê°•í•˜ê²Œ ì¦ê¸¸ìˆ˜ ìžˆì–´ìš” ã…‹ã…‹","[1, 0, 0, 0, 0]"
"ë§¤ë²ˆ ë¬¼ì¡°ì ˆðŸ’§ë¶ˆì¡°ì ˆðŸ”¥ ì‹¤íŒ¨ë¡œ ê³„ëž€ì°œ ì•ˆí•´ë¨¹ì—ˆëŠ”ë° #ížë§ìš”ë§¤ì§ì»µ ì— ê³„ëž€ê³¼ ë¬¼ ,ì†Œê¸ˆ,ì•¼ì±„ ë„£ê³  ì „ìžë Œì§€ì— ìš©ê¸° ê·¸ëŒ€ë¡œ ëŒë¦¬ê³  ì¡°ë¦¬í›„ í…Œì´ë¸”ì— ì§ì ‘ ì˜¬ë ¤ ë°”ë¡œë°”ë¡œ ë¨¹ì„ ìˆ˜ ìžˆìœ¼ë‹ˆ íŽ¸í•´ìš”","[1, 0, 0, 0, 0]"
"ë˜, ë’¤ì§‘ì–´ ì¤„ í•„ìš”ì—†ì´ í•œë°©ì— ëª½ê¸€ëª½ê¸€ ê³„ëž€ì°œ ì™„ì„±","[1, 0, 0, 0, 0]"
íŒ¨í‚¤ì§€ë¶€í„°ê°€ ê¹”ë”í•˜ë‹ˆ ì´ë»ì„œ ë§ˆìŒì— ë“œë„¤ ðŸ¤—ðŸ’•,"[0, 1, 0, 0, 0]"
ì•„ê¸°ìžê¸°í•œê±¸ ì¢‹ì•„í•˜ëŠ” ìš°ë¦¬ ë”¸ëž¨ì„ ìœ„í•´ ì¤€ë¹„í•œ #ë¬´ë¯¼ìˆ˜ë‚©ìž¥,"[0, 1, 0, 0, 0]"
êº„ ã…‹ì§„ì§œ ë„˜ê·€ì—½ì§€ì•Šë‚˜ìš”,"[0, 1, 0, 0, 0]"
ìª¼ê·¸ë§Œ ì†Œí’ˆë“¤ë„ í•œê°€ë“ì´ë¼ ì •ë¦¬í•˜ê¸° íž˜ë“¤ì—ˆëŠ”ë° ì¹¸ë„ ë§Žê³  ë‚˜ë‰˜ì–´ì ¸ ìžˆì–´ì„œ ì •ë¦¬í•˜ê¸°ë„ ì‰¬ì›Œìš”â˜ºï¸â£ï¸,"[1, 0, 0, 0, 0]"
íŽ¸í•´ì„œ ë§¤ì¼ìž…ëŠ” 1987 í”„ë¦°íŒ… í‹°ì…”ì¸  ë§˜ì— ì™ ë“¤ì—ˆì–´,"[1, 0, 0, 0, 0]"
ì‹œì›í•´ë³´ì´ëŠ” ì»¬ëŸ¬ì— ê°€ë³ê³  ê³µê°„ë„ ì‹¤ìš©ì ì´ê²Œ ë¶„ë¥˜ë˜ì–´ìžˆì–´ ì™„ì „ íŽ¸í•´ìš” ã…‹,"[1, 1, 0, 0, 0]"
80ë…„ê°„ í—ë¦¬ì›ƒ ìŠ¤íƒ€ë“¤ì˜ ì‚¬ëž‘ì„ ë°›ê³ ìžˆëŠ” #ë ˆë¸Œë¡ ë¦½ìŠ¤í‹±,"[0, 0, 1, 0, 0]"
ì»¬ëŸ¬ë„ ë‹¤ì–‘í•˜ê³  ë°œìƒ‰ê¹¡íŒ¨!,"[0, 0, 0, 0, 1]"
ì¿¨ìƒ¤í•˜ê¸°ì „ì—ëŠ” ì–‘ì¹˜ì§ˆ ì§„ì§œ ê·€ì°®ì•˜ëŠ”ë° ì´ì   íŽ¸í•˜ê³  ì¢‹ì•„ìš” ã…‹,"[1, 0, 0, 0, 0]"
ë””ìžì¸ë„ ê³ ê¸‰ìŠ¤ëŸ½ê³  ë³¸ì²´í•˜ë‚˜ì— ê°€ì¡±ë¸ŒëŸ¬ì‰¬ í‘œì‹œë§Œ í•´ë†“ìœ¼ë©´ ëª¨ë‘ ì‚¬ìš©í• ìˆ˜ ìžˆìœ¼ë‹ˆê¹ ì •ë§ ìµœê³ ìµœê³  !,"[0, 1, 0, 0, 0]"
ê³ ê¸‰ìŠ¤ëŸ°íŒ¨í‚¤ì§€ë¡œ ì„ ë¬¼ë¡œë„ ì¢‹ì•„ìš”,"[0, 1, 0, 0, 0]"
ë‹¤ì–‘í•œí–¥ê¸°ë¡œ ì·¨í–¥ë³„ë¡œ ê³¨ë¼ì“°ê¸”ðŸ’•,"[0, 0, 0, 0, 1]"
ì•„ì´ë“¤ë„ ì‰½ê²Œ ì‚¬ìš©í• ìˆ˜ ìžˆì–´ ì¢‹ì•„ìš”,"[1, 0, 0, 0, 0]"
ë¬¼ë¡œ ì”»ì–´ë‚´ë©´ ë˜ì„œ ì •ë§ íŽ¸í•´ìš”,"[1, 0, 0, 0, 0]"
ë˜í•œ ë‚´êµ¬ì„±ê³¼ ë³µì›ë ¥ë„ ì¢‹ê³  ë°˜ì˜êµ¬ì ì´ë¼ ê²½ì œì ì´ëžë‹ˆë‹¤!,"[0, 0, 0, 1, 0]"
ì•„ì´ë“¤ ê³µë¶€ìƒë„ ë˜ê³  ë°¥ìƒë„ ë˜ê³  í‹°í…Œì´ë¸”ë„ ë˜ì–´ ë§¤ì¼ ì—´ì¼ì¤‘,"[1, 0, 0, 0, 0]"
ë©´ì„¸ì ì—ì„œ íŒë§¤ë˜ëŠ” 1ìœ„ ë§ˆìŠ¤í¬íŒ©!,"[0, 0, 1, 0, 0]"
"ìš°ì„  ì²´í¬ë¬´ëŠ¬ëŠ” ì›Œë‚™ ë¬´ë‚œí•˜ê²Œ ìž…ì„ ìˆ˜ ìžˆëŠ” ë””ìžì¸ì´ë¼ì„œìš”,","[0, 1, 0, 0, 0]"
ê¹”ë”í•˜ë©´ì„œë„ ë°œëž„í•œ ëŠë‚Œì´ ë‚˜ëŠ”ê±° ê°™ì•„ìš”!,"[0, 1, 0, 0, 0]"
ê·¸ë¦¬ê³  ë¶€ìŠ¤í„° ê°™ì€ê²½ìš°ëŠ” ì²¨ì— ì‹ ê¸°í•˜ê²Œ ìƒê²¨ì„œ `ì´ê±° ë­ì•¼`ì´ëž¬ëŠ”ë° ëˆˆë°‘ì´ë¼ë˜ì§€ êµ­ì†Œë¶€ìœ„ì—ë„ íŽ´ë°”ë¥´ê¸° ë”± ì¢‹ì€?,"[1, 0, 0, 0, 0]"
ê·¼ë° ì¹˜ë§ˆê°€ ë”± ì˜ˆì˜ê²Œ íŠ¸ìž„ì´ ìžˆì–´ì„œ ë‚´ ë‹¤ë¦¬ë¼ì¸ì„ ë³´ì—¬ì¤„ë“¯ ë§ë“¯í•˜ë©° ì€ê·¼ ì„¹ì‹œë¯¸ë¥¼ ë³´ì—¬ì¤Œ,"[0, 1, 0, 0, 0]"
ê·¸ë¦¬ê³  í—ˆë¦¬ë¼ì¸ì´ ë“¤ì–´ê°”ê¸°ë•œì— ë‚´ ëª¸ë³´ì™„ì—ë„ ë„ˆë¬´ ì¢‹ì€ë“¯,"[0, 1, 0, 0, 0]"
ì¼ë‹¨ ë””ìžì¸.. ë„ˆë¬´ ì˜ˆì˜ìŸˆë‚˜ðŸ’›,"[0, 1, 0, 0, 0]"
ë˜ ì²«êµ¬ë§¤ì‹œì—” 30% í• ì¸ë„ ã…‹ã…‹ã…‹ã…‹,"[0, 0, 0, 1, 0]"
ìƒ‰ìƒë„ ë‹¤ì–‘í•˜ê²Œ êµ¬ë¶„ë˜ì–´ìžˆê³  í•˜ë‚˜í•˜ë‚˜ ë‹¤ë¥¸ê·¸ë¦¼ì´ ê·¸ë ¤ì ¸ìžˆì–´ì„œ ë‹¤ì–‘í•œ ë†€ì´ë¡œ í™œìš©ë˜ê¸° ì¢‹ì•„ìš”,"[0, 1, 0, 0, 1]"
í•œìž¥ì”© ì™ì™ ë½‘í˜€ì„œ íŽ¸í•˜ê¸°ë‘ ðŸ˜,"[1, 0, 0, 0, 0]"
ê¹”ë”í•˜ê³  ê³ ê¸‰ìŠ¤ëŸ¬ìš´ ë””ìžì¸ì´ë¼ ìœ í–‰ì—†ì´ ì˜¤ëž˜ ì‹ ì„ ìˆ˜ ìžˆì„ ê²ƒ ê°™ì•„ìš”,"[0, 1, 0, 0, 0]"
ê³ íƒ„ì„± ê¹”ì°½ì„ ì‚¬ìš©í•´ì„œ í­ì‹ í•œê²Œ ì™„ì „ íŽ¸í•´ìš”,"[1, 0, 0, 0, 0]"
ì†Œë“¤ì˜ ê°€ì£½ì„ ìµœëŒ€í•œ ë²„ë¦¬ì§€ ì•Šê³  ì‚¬ìš©í•œ ì œí’ˆì— ê±°í’ˆì—†ëŠ” ê°€ê²©~,"[0, 0, 0, 1, 0]"
ë†’ì´ê°€ ì²™ì¶”ì— ë”±ë§žê²Œ ë§Œë“¤ì–´ì ¸ì„œì¸ì§€ ì •ë©´ìœ¼ë¡œ ëˆ„ì›Œë„ íŽ¸í•˜ê³  ì˜†ìœ¼ë¡œ ëˆ„ì›Œë„ íŽ¸í•´ìš”,"[1, 0, 0, 0, 0]"
í¬ìž¥ë¶€í„° ì´ì˜ê³  ê³ ê¸‰ìŠ¤ëŸ¬ì›Œì„œ ì„ ë¬¼ë¡œ ë”± !,"[0, 1, 0, 0, 0]"
#ê°€ì„±ë¹„ì¢‹ì€ #ì¸ë²¨ë¡œ ì¨ë³´ë‹ˆ ë” ì•Œê² ë”ë¼êµ¬ìš”,"[0, 0, 0, 1, 0]"
@inbello_official #ì²œì—°í™”ìž¥í’ˆì¶”ì²œ #í† ë„ˆ #ì—ë©€ì ¼ #ì˜ì–‘í¬ë¦¼ #í´ë Œì € #í™”ìž¥í’ˆì„¸íŠ¸ #í™”ìž¥í’ˆì„ ë¬¼ #í™”ìž¥í’ˆë¸Œëžœë“œ #ê°€ì„±ë¹„ì¢‹ì€í™”ìž¥í’ˆ #í”¼ë¶€ê´€ë¦¬ #ì†ê±´ì¡°í•´ê²° #ì†ê±´ì¡° #kbeauty,"[0, 0, 0, 1, 0]"
ìƒ‰ìƒë¶€í„° ë””ìžì¸ê¹Œì§€ ë„ˆë¬´ ì´ìœ #í—ˆë‹ˆë“€ëž˜ë¹—,"[0, 1, 0, 0, 0]"
ê°€ì„±ë¹„ë„ ì¢‹ì•„ì„œ ê¾¸ì¤€ížˆ ì‚¬ìš©ì¤‘ì´ì˜ˆìš” ðŸ˜Š,"[0, 0, 0, 1, 0]"
ë””ìžì¸ë„ ì´ì˜ê³  ì²œì—°ê³„ë©´í™œì„±ì œë¥¼ ì‚¬ìš©í•œ ì°©í•œì¹˜ì•½ #ì•„ë¼í¬ë¦¬ìŠ¤,"[0, 1, 0, 0, 0]"
ì œí’ˆë§Œì¡±ë„ 94% ì œí’ˆì´ë¼ ë¯¿ê³  ì‚¬ìš©í•´ë³¸ #ì‚°ë‹¤í™”í´ë Œì§•ì˜¤ì¼,"[0, 0, 1, 0, 0]"
"ê¸°ì´ˆë°”ë¥´ê³  ë‹µë‹µí•œê±° ì‹«ì–´í•˜ê±°ë‚˜, ì—¬ë¦„ì— ë°”ë¥´ê¸° ë”±ì¸ ë“¯ !","[1, 0, 0, 0, 0]"
"ëª©ì„ êµ¬ë¶€ë¦´ ìˆ˜ ìžˆì–´ì„œ ê°ë„ì¡°ì ˆë„ íŽ¸í•˜ê³ , ì¶©ì „ì‹ìœ¼ë¡œ ì´ìš©ì´ ê°€ëŠ¥í•´ì„œ ìº í•‘ì´ë‚˜ ì™¸ë¶€ì— ê°€ì§€ê³  ë‹¤ë‹ˆê¸° ì¢‹ì•„ìš”","[1, 0, 0, 0, 0]"
ë””ìžì¸ë„ ë„ˆë¬´ ì´ìœê²Œ #í™”ìž¥ëŒ€ì¸í…Œë¦¬ì–´ ë¡œë„ ë„ˆë¬´ ì¢‹ì•„ë³´ì´ì£ ?,"[0, 1, 0, 0, 0]"
ì´ê±´ ì‚¬ìš©í›„ ë‹¦ì•„ë‚´ê±°ë‚˜ ì”»ì–´ ë‚´ì§€ ì•Šì•„ë„ ë˜ì„œ ì—„ì²­ íŽ¸í•˜ê²Œ ì‚¬ìš©í• ìˆ˜ ìžˆë‹µë‹ˆë‹¤.,"[1, 0, 0, 0, 0]"
ì‹¬ì§€ì–´ ë ˆì•Œ ë¶™ìž„ë¨¸ë¦¬ì˜ 1/10 ê°€ê²© ë˜ë ¤ë‚˜,"[0, 0, 0, 1, 0]"
*1ë„ ì•ˆ ì•„í”„ê³  ë¬´ì§€ ì‰¬ì›€ í•€ íƒíƒ ê¼½ì•„ì£¼ë©´ ë•¡ìž„,"[1, 0, 0, 0, 0]"
ì´ë ‡ê²Œ ê°„íŽ¸í• ìˆ˜ê°€ ì‹ ì„¸ê³„ìž„,"[1, 0, 0, 0, 0]"
- ë‹¤ë£¨ê¸° ì‰¬ìš´íƒ€ìž… ê·¸ëƒ¥ ë¨¸ë¦¬ì— í•€ ê¼½ëŠ” ê·¸ëŸ°,"[1, 0, 0, 0, 0]"
- í•©ë¦¬ì  ê°€ê²©,"[0, 0, 0, 1, 0]"
ìƒê¸´ê±´ ë°”ì´ì˜¤ë”ë§ˆê°™ì´ ìƒê²¼ëŠ”ë° ê°€ê²©ì€ ì ˆë°˜ì´ë„¤ ìº¬,"[0, 0, 0, 1, 0]"
ì €ë ´ì´ ìœ ê¸°ë† í´ë Œì €,"[0, 0, 0, 1, 0]"
í•˜ìš°ìŠ¤ ë®¤ì§ì´ë‚˜ ì¼ë ‰ìŒì•…ì„ ë“¤ìœ¼ì‹œëŠ” ë¶„ì´ë©´ 6ë§Œì›ì´ë¼ëŠ” ê°€ê²©ì—ë„ ë‚˜ì˜ì§€ ì•Šì€ ì´ì–´í°ì´ë¼ê³  ë³¸ë‹¤.,"[0, 0, 0, 1, 0]"
ë¹„ì‹¸ ã… ã… ã… ,"[0, 0, 0, 1, 0]"
(ìŠ¬í””),"[0, 0, 0, 1, 0]"
ë§ˆì§€ë§‰ìœ¼ë¡œ ê·€ì—¬ì›Œì„œ ì§‘ì–´ì˜¨ ëª¨ìž.,"[0, 1, 0, 0, 0]"
